Mapa,Filas,Columnas,Cajas,Algoritmo,Heuristica,Exito,Motivo_Finalizacion,Costo_Movimientos,Empujes,Nodos_Expandidos,Frontera_Maxima,Tiempo_Segundos
mapa_default,10,15,2,BFS,,True,Solucion,77.0,17.0,30376,867,0.4492229000006773
mapa_default,10,15,2,DFS,,True,Solucion,1355.0,105.0,14193,557,0.06305599999905098
mapa_default,10,15,2,IDDFS,,False,Limite_Nodos,,,200000,21,0.510835600000064
mapa_default,10,15,2,Greedy,h_manhattan,True,Solucion,103.0,21.0,1172,135,0.0076457999984995695
mapa_default,10,15,2,Greedy,h_manhattan_deadlock,True,Solucion,103.0,21.0,1113,122,0.006475199999840697
mapa_default,10,15,2,Greedy,h_no_admisible,True,Solucion,103.0,21.0,1172,135,0.006856500000139931
mapa_default,10,15,2,A*,h_manhattan,True,Solucion,77.0,17.0,30336,1239,0.20708920000106446
mapa_default,10,15,2,A*,h_manhattan_deadlock,True,Solucion,77.0,17.0,15619,854,0.12612809999882302
mapa_default,10,15,2,A*,h_no_admisible,True,Solucion,77.0,17.0,30019,1625,0.35265269999945303
mapa_000,7,7,2,BFS,,True,Solucion,14.0,8.0,1330,271,0.006041700000423589
mapa_000,7,7,2,DFS,,True,Solucion,29.0,10.0,851,47,0.0034907000008388422
mapa_000,7,7,2,IDDFS,,True,Solucion,14.0,8.0,22522,15,0.05451640000137559
mapa_000,7,7,2,Greedy,h_manhattan,True,Solucion,16.0,8.0,46,33,0.00031830000079935417
mapa_000,7,7,2,Greedy,h_manhattan_deadlock,True,Solucion,16.0,8.0,46,33,0.00034020000020973384
mapa_000,7,7,2,Greedy,h_no_admisible,True,Solucion,16.0,8.0,46,33,0.0002958999994007172
mapa_000,7,7,2,A*,h_manhattan,True,Solucion,14.0,8.0,437,229,0.0032552000011492055
mapa_000,7,7,2,A*,h_manhattan_deadlock,True,Solucion,14.0,8.0,367,173,0.002977699999973993
mapa_000,7,7,2,A*,h_no_admisible,True,Solucion,14.0,8.0,187,113,0.0012759000001096865
mapa_001,7,7,2,BFS,,True,Solucion,15.0,8.0,3061,489,0.012272399999346817
mapa_001,7,7,2,DFS,,True,Solucion,85.0,20.0,577,82,0.002299599998877966
mapa_001,7,7,2,IDDFS,,False,Limite_Nodos,,,200000,15,0.4621463000003132
mapa_001,7,7,2,Greedy,h_manhattan,True,Solucion,16.0,8.0,31,25,0.0005211999996390659
mapa_001,7,7,2,Greedy,h_manhattan_deadlock,True,Solucion,16.0,8.0,31,25,0.0005465000012918608
mapa_001,7,7,2,Greedy,h_no_admisible,True,Solucion,16.0,8.0,31,25,0.0003763999993680045
mapa_001,7,7,2,A*,h_manhattan,True,Solucion,15.0,8.0,1382,735,0.012336199999481323
mapa_001,7,7,2,A*,h_manhattan_deadlock,True,Solucion,15.0,8.0,1300,655,0.011461800000688527
mapa_001,7,7,2,A*,h_no_admisible,True,Solucion,15.0,8.0,236,219,0.0018637000011949567
mapa_002,7,7,2,BFS,,True,Solucion,23.0,10.0,2281,180,0.00872239999989688
mapa_002,7,7,2,DFS,,True,Solucion,145.0,32.0,1742,97,0.006413699999029632
mapa_002,7,7,2,IDDFS,,False,Limite_Nodos,,,200000,19,0.5252715000005992
mapa_002,7,7,2,Greedy,h_manhattan,True,Solucion,27.0,10.0,146,52,0.0009117000008700415
mapa_002,7,7,2,Greedy,h_manhattan_deadlock,True,Solucion,27.0,10.0,134,44,0.0009049000000231899
mapa_002,7,7,2,Greedy,h_no_admisible,True,Solucion,27.0,10.0,146,52,0.0008352999993803678
mapa_002,7,7,2,A*,h_manhattan,True,Solucion,23.0,10.0,1522,287,0.011438499999712803
mapa_002,7,7,2,A*,h_manhattan_deadlock,True,Solucion,23.0,10.0,767,205,0.006271199999901
mapa_002,7,7,2,A*,h_no_admisible,True,Solucion,23.0,10.0,818,201,0.005149500000698026
mapa_003,7,7,2,BFS,,True,Solucion,12.0,8.0,410,62,0.0022158000010676915
mapa_003,7,7,2,DFS,,True,Solucion,28.0,8.0,28,30,0.00011330000052112155
mapa_003,7,7,2,IDDFS,,True,Solucion,12.0,8.0,7211,13,0.018115099999704398
mapa_003,7,7,2,Greedy,h_manhattan,True,Solucion,12.0,8.0,120,17,0.000636500000837259
mapa_003,7,7,2,Greedy,h_manhattan_deadlock,True,Solucion,12.0,8.0,84,19,0.0004932000010740012
mapa_003,7,7,2,Greedy,h_no_admisible,True,Solucion,12.0,8.0,120,17,0.0006099000001995591
mapa_003,7,7,2,A*,h_manhattan,True,Solucion,12.0,8.0,196,77,0.0013907000011386117
mapa_003,7,7,2,A*,h_manhattan_deadlock,True,Solucion,12.0,8.0,162,68,0.0012676999995164806
mapa_003,7,7,2,A*,h_no_admisible,True,Solucion,12.0,8.0,86,72,0.0006517999991046963
mapa_004,7,7,2,BFS,,True,Solucion,27.0,10.0,2802,201,0.011453299999629962
mapa_004,7,7,2,DFS,,True,Solucion,57.0,16.0,1152,49,0.003933699999834062
mapa_004,7,7,2,IDDFS,,False,Limite_Nodos,,,200000,20,0.5128425999992032
mapa_004,7,7,2,Greedy,h_manhattan,True,Solucion,41.0,14.0,1074,78,0.0055738000010023825
mapa_004,7,7,2,Greedy,h_manhattan_deadlock,True,Solucion,41.0,14.0,394,77,0.0024087000001600245
mapa_004,7,7,2,Greedy,h_no_admisible,True,Solucion,41.0,14.0,1074,78,0.005442799998490955
mapa_004,7,7,2,A*,h_manhattan,True,Solucion,27.0,10.0,2196,316,0.01561059999949066
mapa_004,7,7,2,A*,h_manhattan_deadlock,True,Solucion,27.0,10.0,1125,225,0.009237000000211992
mapa_004,7,7,2,A*,h_no_admisible,True,Solucion,27.0,10.0,1141,223,0.008236699999542907
mapa_005,7,7,2,BFS,,True,Solucion,21.0,8.0,2505,265,0.010999300000548828
mapa_005,7,7,2,DFS,,True,Solucion,45.0,12.0,531,42,0.002128299998730654
mapa_005,7,7,2,IDDFS,,False,Limite_Nodos,,,200000,20,0.4889132999996946
mapa_005,7,7,2,Greedy,h_manhattan,True,Solucion,25.0,10.0,279,36,0.0015310000017052516
mapa_005,7,7,2,Greedy,h_manhattan_deadlock,True,Solucion,25.0,10.0,78,32,0.0004871000001003267
mapa_005,7,7,2,Greedy,h_no_admisible,True,Solucion,25.0,10.0,279,36,0.0015920999994705198
mapa_005,7,7,2,A*,h_manhattan,True,Solucion,21.0,8.0,1326,322,0.010775799999464653
mapa_005,7,7,2,A*,h_manhattan_deadlock,True,Solucion,21.0,8.0,729,233,0.0055934000010893214
mapa_005,7,7,2,A*,h_no_admisible,True,Solucion,21.0,8.0,528,190,0.003663299999971059
mapa_006,7,7,2,BFS,,True,Solucion,24.0,10.0,673,48,0.00226459999976214
mapa_006,7,7,2,DFS,,True,Solucion,52.0,16.0,429,39,0.0014519999986077892
mapa_006,7,7,2,IDDFS,,True,Solucion,24.0,10.0,141435,25,0.3977236000009725
mapa_006,7,7,2,Greedy,h_manhattan,True,Solucion,36.0,12.0,173,27,0.0009380999999848427
mapa_006,7,7,2,Greedy,h_manhattan_deadlock,True,Solucion,36.0,12.0,138,29,0.0007869999990361976
mapa_006,7,7,2,Greedy,h_no_admisible,True,Solucion,36.0,12.0,173,27,0.0011924999998882413
mapa_006,7,7,2,A*,h_manhattan,True,Solucion,24.0,10.0,586,80,0.0037118999989615986
mapa_006,7,7,2,A*,h_manhattan_deadlock,True,Solucion,24.0,10.0,348,56,0.0024171000004571397
mapa_006,7,7,2,A*,h_no_admisible,True,Solucion,24.0,10.0,465,87,0.0031023999999888474
mapa_007,7,7,2,BFS,,True,Solucion,14.0,8.0,2332,396,0.009077599999727681
mapa_007,7,7,2,DFS,,True,Solucion,32.0,10.0,364,49,0.0012705000008281786
mapa_007,7,7,2,IDDFS,,True,Solucion,14.0,8.0,119194,15,0.28311370000119496
mapa_007,7,7,2,Greedy,h_manhattan,True,Solucion,17.0,8.0,107,35,0.0006520999995700549
mapa_007,7,7,2,Greedy,h_manhattan_deadlock,True,Solucion,17.0,8.0,34,29,0.00027299999965180177
mapa_007,7,7,2,Greedy,h_no_admisible,True,Solucion,17.0,8.0,107,35,0.0006001999990985496
mapa_007,7,7,2,A*,h_manhattan,True,Solucion,14.0,8.0,570,344,0.004549999999653664
mapa_007,7,7,2,A*,h_manhattan_deadlock,True,Solucion,14.0,8.0,404,251,0.003426999999646796
mapa_007,7,7,2,A*,h_no_admisible,True,Solucion,14.0,8.0,101,110,0.0007999000008567236
mapa_008,7,7,2,BFS,,True,Solucion,17.0,8.0,1779,255,0.006759399999282323
mapa_008,7,7,2,DFS,,True,Solucion,139.0,26.0,2149,72,0.008826600000247709
mapa_008,7,7,2,IDDFS,,True,Solucion,17.0,8.0,122228,18,0.30733390000023064
mapa_008,7,7,2,Greedy,h_manhattan,True,Solucion,45.0,12.0,395,35,0.0032511000008526025
mapa_008,7,7,2,Greedy,h_manhattan_deadlock,True,Solucion,45.0,12.0,147,36,0.0010884999992413213
mapa_008,7,7,2,Greedy,h_no_admisible,True,Solucion,45.0,12.0,395,35,0.0026748999989649747
mapa_008,7,7,2,A*,h_manhattan,True,Solucion,17.0,8.0,705,202,0.004899300000033691
mapa_008,7,7,2,A*,h_manhattan_deadlock,True,Solucion,17.0,8.0,466,138,0.0036908000001858454
mapa_008,7,7,2,A*,h_no_admisible,True,Solucion,17.0,8.0,261,135,0.0018761999999696855
mapa_009,7,7,2,BFS,,True,Solucion,19.0,8.0,1573,262,0.006072399999538902
mapa_009,7,7,2,DFS,,True,Solucion,29.0,12.0,271,31,0.0009166999989247415
mapa_009,7,7,2,IDDFS,,True,Solucion,19.0,8.0,195371,20,0.49820809999982885
mapa_009,7,7,2,Greedy,h_manhattan,True,Solucion,19.0,8.0,65,26,0.000448500000857166
mapa_009,7,7,2,Greedy,h_manhattan_deadlock,True,Solucion,19.0,8.0,47,27,0.0003298999999969965
mapa_009,7,7,2,Greedy,h_no_admisible,True,Solucion,19.0,8.0,65,26,0.00037040000097476877
mapa_009,7,7,2,A*,h_manhattan,True,Solucion,19.0,8.0,691,235,0.004745700000057695
mapa_009,7,7,2,A*,h_manhattan_deadlock,True,Solucion,19.0,8.0,431,145,0.003123099999356782
mapa_009,7,7,2,A*,h_no_admisible,True,Solucion,19.0,8.0,218,117,0.001483899999584537
mapa_010,7,7,2,BFS,,True,Solucion,23.0,14.0,3017,278,0.0109651999991911
mapa_010,7,7,2,DFS,,True,Solucion,85.0,20.0,1624,95,0.005950200000370387
mapa_010,7,7,2,IDDFS,,False,Limite_Nodos,,,200000,20,0.5135198000007222
mapa_010,7,7,2,Greedy,h_manhattan,True,Solucion,25.0,8.0,98,31,0.0005732000008720206
mapa_010,7,7,2,Greedy,h_manhattan_deadlock,True,Solucion,25.0,8.0,60,24,0.0003816999997070525
mapa_010,7,7,2,Greedy,h_no_admisible,True,Solucion,25.0,8.0,98,31,0.0005181999986234587
mapa_010,7,7,2,A*,h_manhattan,True,Solucion,23.0,14.0,1929,348,0.014207599999281229
mapa_010,7,7,2,A*,h_manhattan_deadlock,True,Solucion,23.0,14.0,1002,236,0.007194400001026224
mapa_010,7,7,2,A*,h_no_admisible,True,Solucion,25.0,8.0,1295,260,0.010119100001247716
mapa_011,7,7,2,BFS,,True,Solucion,18.0,8.0,963,149,0.0029109000006428687
mapa_011,7,7,2,DFS,,True,Solucion,42.0,12.0,212,34,0.0006646000001637731
mapa_011,7,7,2,IDDFS,,True,Solucion,18.0,8.0,9954,19,0.0263094000001729
mapa_011,7,7,2,Greedy,h_manhattan,True,Solucion,22.0,10.0,50,19,0.00029319999885046855
mapa_011,7,7,2,Greedy,h_manhattan_deadlock,True,Solucion,22.0,10.0,50,19,0.00031799999851500615
mapa_011,7,7,2,Greedy,h_no_admisible,True,Solucion,22.0,10.0,50,19,0.0002750000003288733
mapa_011,7,7,2,A*,h_manhattan,True,Solucion,18.0,8.0,471,140,0.0029560999992099823
mapa_011,7,7,2,A*,h_manhattan_deadlock,True,Solucion,18.0,8.0,433,125,0.0029479999993782258
mapa_011,7,7,2,A*,h_no_admisible,True,Solucion,18.0,8.0,190,84,0.0011145999997097533
mapa_012,7,7,2,BFS,,True,Solucion,29.0,10.0,3279,249,0.012343100001089624
mapa_012,7,7,2,DFS,,True,Solucion,83.0,20.0,2556,69,0.009111299999858602
mapa_012,7,7,2,IDDFS,,False,Limite_Nodos,,,200000,18,0.49349350000011327
mapa_012,7,7,2,Greedy,h_manhattan,True,Solucion,33.0,10.0,750,54,0.004091700000572018
mapa_012,7,7,2,Greedy,h_manhattan_deadlock,True,Solucion,33.0,10.0,210,52,0.0013014000014663907
mapa_012,7,7,2,Greedy,h_no_admisible,True,Solucion,33.0,10.0,750,54,0.004725000000689761
mapa_012,7,7,2,A*,h_manhattan,True,Solucion,29.0,10.0,2842,372,0.021478200000274228
mapa_012,7,7,2,A*,h_manhattan_deadlock,True,Solucion,29.0,10.0,1581,225,0.012928600001032464
mapa_012,7,7,2,A*,h_no_admisible,True,Solucion,29.0,10.0,2034,329,0.01507820000006177
mapa_013,7,7,2,BFS,,True,Solucion,22.0,8.0,3202,381,0.012132699999710894
mapa_013,7,7,2,DFS,,True,Solucion,80.0,18.0,132,64,0.0004886000006081304
mapa_013,7,7,2,IDDFS,,False,Limite_Nodos,,,200000,17,0.46981480000067677
mapa_013,7,7,2,Greedy,h_manhattan,True,Solucion,26.0,8.0,62,35,0.00048270000115735456
mapa_013,7,7,2,Greedy,h_manhattan_deadlock,True,Solucion,26.0,8.0,61,34,0.0004718000000139
mapa_013,7,7,2,Greedy,h_no_admisible,True,Solucion,26.0,8.0,62,35,0.00039509999987785704
mapa_013,7,7,2,A*,h_manhattan,True,Solucion,22.0,8.0,2598,526,0.021289700000124867
mapa_013,7,7,2,A*,h_manhattan_deadlock,True,Solucion,22.0,8.0,1766,361,0.014811600000030012
mapa_013,7,7,2,A*,h_no_admisible,True,Solucion,22.0,8.0,1272,422,0.009745000001203152
mapa_014,7,7,2,BFS,,True,Solucion,19.0,8.0,2421,302,0.009132700000918703
mapa_014,7,7,2,DFS,,True,Solucion,43.0,14.0,2470,57,0.009189599999444908
mapa_014,7,7,2,IDDFS,,False,Limite_Nodos,,,200000,19,0.4992261999996117
mapa_014,7,7,2,Greedy,h_manhattan,True,Solucion,27.0,10.0,136,53,0.0008730999998078914
mapa_014,7,7,2,Greedy,h_manhattan_deadlock,True,Solucion,27.0,10.0,117,47,0.0007368000005953945
mapa_014,7,7,2,Greedy,h_no_admisible,True,Solucion,27.0,10.0,136,53,0.0007408999990730081
mapa_014,7,7,2,A*,h_manhattan,True,Solucion,19.0,8.0,1084,349,0.00766480000129377
mapa_014,7,7,2,A*,h_manhattan_deadlock,True,Solucion,19.0,8.0,646,225,0.005311099999744329
mapa_014,7,7,2,A*,h_no_admisible,True,Solucion,19.0,8.0,389,147,0.002829500001098495
mapa_015,7,7,2,BFS,,True,Solucion,16.0,8.0,1626,312,0.006316099999821745
mapa_015,7,7,2,DFS,,True,Solucion,36.0,8.0,593,36,0.00204440000015893
mapa_015,7,7,2,IDDFS,,True,Solucion,16.0,8.0,36030,17,0.09102859999984503
mapa_015,7,7,2,Greedy,h_manhattan,True,Solucion,16.0,8.0,64,35,0.00042670000038924627
mapa_015,7,7,2,Greedy,h_manhattan_deadlock,True,Solucion,16.0,8.0,64,35,0.00044859999979962595
mapa_015,7,7,2,Greedy,h_no_admisible,True,Solucion,16.0,8.0,64,35,0.0003871000008075498
mapa_015,7,7,2,A*,h_manhattan,True,Solucion,16.0,8.0,572,295,0.004189200000837445
mapa_015,7,7,2,A*,h_manhattan_deadlock,True,Solucion,16.0,8.0,463,219,0.0036554999987856718
mapa_015,7,7,2,A*,h_no_admisible,True,Solucion,16.0,8.0,262,173,0.0018614000000525266
mapa_016,7,7,2,BFS,,True,Solucion,13.0,8.0,1545,330,0.005873699999938253
mapa_016,7,7,2,DFS,,True,Solucion,82.0,22.0,1223,60,0.00447849999909522
mapa_016,7,7,2,IDDFS,,True,Solucion,13.0,8.0,23928,14,0.05610080000042217
mapa_016,7,7,2,Greedy,h_manhattan,True,Solucion,17.0,8.0,245,48,0.0013739999994868413
mapa_016,7,7,2,Greedy,h_manhattan_deadlock,True,Solucion,17.0,8.0,41,40,0.00033090000033553224
mapa_016,7,7,2,Greedy,h_no_admisible,True,Solucion,17.0,8.0,245,48,0.0013176000011299038
mapa_016,7,7,2,A*,h_manhattan,True,Solucion,13.0,8.0,437,266,0.0033351999991282355
mapa_016,7,7,2,A*,h_manhattan_deadlock,True,Solucion,13.0,8.0,259,170,0.0021593999990727752
mapa_016,7,7,2,A*,h_no_admisible,True,Solucion,13.0,8.0,192,170,0.001800399999410729
mapa_017,7,7,2,BFS,,True,Solucion,22.0,10.0,3290,322,0.013274599999931525
mapa_017,7,7,2,DFS,,True,Solucion,138.0,28.0,2877,103,0.011892800001078285
mapa_017,7,7,2,IDDFS,,False,Limite_Nodos,,,200000,17,0.48635509999985516
mapa_017,7,7,2,Greedy,h_manhattan,True,Solucion,48.0,12.0,397,70,0.002260999999634805
mapa_017,7,7,2,Greedy,h_manhattan_deadlock,True,Solucion,48.0,12.0,149,54,0.000990500000625616
mapa_017,7,7,2,Greedy,h_no_admisible,True,Solucion,48.0,12.0,397,70,0.002179499999328982
mapa_017,7,7,2,A*,h_manhattan,True,Solucion,22.0,10.0,2766,499,0.020849700000326266
mapa_017,7,7,2,A*,h_manhattan_deadlock,True,Solucion,22.0,10.0,1441,295,0.011968199998591444
mapa_017,7,7,2,A*,h_no_admisible,True,Solucion,22.0,10.0,2030,444,0.016020299999581766
mapa_018,7,7,2,BFS,,True,Solucion,24.0,10.0,661,51,0.002302300001247204
mapa_018,7,7,2,DFS,,True,Solucion,36.0,14.0,403,19,0.0012403000000631437
mapa_018,7,7,2,IDDFS,,False,Limite_Nodos,,,200000,25,0.5586735999986558
mapa_018,7,7,2,Greedy,h_manhattan,True,Solucion,28.0,10.0,214,29,0.0011694999993778765
mapa_018,7,7,2,Greedy,h_manhattan_deadlock,True,Solucion,28.0,10.0,161,31,0.0009676000008767005
mapa_018,7,7,2,Greedy,h_no_admisible,True,Solucion,28.0,10.0,214,29,0.0011097000005975133
mapa_018,7,7,2,A*,h_manhattan,True,Solucion,24.0,10.0,616,78,0.003947499999412685
mapa_018,7,7,2,A*,h_manhattan_deadlock,True,Solucion,24.0,10.0,357,49,0.0027086000009148847
mapa_018,7,7,2,A*,h_no_admisible,True,Solucion,24.0,10.0,547,91,0.003392699998585158
mapa_019,7,7,2,BFS,,True,Solucion,19.0,10.0,1225,143,0.004225099999530357
mapa_019,7,7,2,DFS,,True,Solucion,39.0,14.0,362,42,0.0011543000000528991
mapa_019,7,7,2,IDDFS,,True,Solucion,19.0,10.0,108310,20,0.2836437999994814
mapa_019,7,7,2,Greedy,h_manhattan,True,Solucion,33.0,10.0,292,44,0.0016192999992199475
mapa_019,7,7,2,Greedy,h_manhattan_deadlock,True,Solucion,33.0,10.0,252,41,0.001425500000550528
mapa_019,7,7,2,Greedy,h_no_admisible,True,Solucion,33.0,10.0,292,44,0.0014772000013181241
mapa_019,7,7,2,A*,h_manhattan,True,Solucion,19.0,10.0,676,129,0.00449780000053579
mapa_019,7,7,2,A*,h_manhattan_deadlock,True,Solucion,19.0,10.0,545,111,0.0039729000000079395
mapa_019,7,7,2,A*,h_no_admisible,True,Solucion,19.0,10.0,456,105,0.0032262000004266156
mapa_020,7,7,2,BFS,,True,Solucion,17.0,8.0,2636,335,0.01059499999973923
mapa_020,7,7,2,DFS,,True,Solucion,55.0,18.0,3242,80,0.012317900000198279
mapa_020,7,7,2,IDDFS,,False,Limite_Nodos,,,200000,18,0.47630839999874297
mapa_020,7,7,2,Greedy,h_manhattan,True,Solucion,21.0,8.0,271,73,0.003221500001018285
mapa_020,7,7,2,Greedy,h_manhattan_deadlock,True,Solucion,21.0,8.0,184,65,0.0011432000010245247
mapa_020,7,7,2,Greedy,h_no_admisible,True,Solucion,21.0,8.0,271,73,0.001823599999625003
mapa_020,7,7,2,A*,h_manhattan,True,Solucion,17.0,8.0,1330,511,0.010440899999593967
mapa_020,7,7,2,A*,h_manhattan_deadlock,True,Solucion,17.0,8.0,870,334,0.007261099999595899
mapa_020,7,7,2,A*,h_no_admisible,True,Solucion,17.0,8.0,751,350,0.005312699999194592
mapa_021,7,7,2,BFS,,True,Solucion,13.0,8.0,2020,413,0.008664900000439957
mapa_021,7,7,2,DFS,,True,Solucion,39.0,8.0,98,31,0.0004918000013276469
mapa_021,7,7,2,IDDFS,,True,Solucion,13.0,8.0,44349,14,0.10110269999859156
mapa_021,7,7,2,Greedy,h_manhattan,True,Solucion,13.0,8.0,47,25,0.0003152999997837469
mapa_021,7,7,2,Greedy,h_manhattan_deadlock,True,Solucion,13.0,8.0,47,25,0.0003332999986014329
mapa_021,7,7,2,Greedy,h_no_admisible,True,Solucion,13.0,8.0,47,25,0.0002839999997377163
mapa_021,7,7,2,A*,h_manhattan,True,Solucion,13.0,8.0,669,382,0.005331100001058076
mapa_021,7,7,2,A*,h_manhattan_deadlock,True,Solucion,13.0,8.0,597,335,0.005042699998739408
mapa_021,7,7,2,A*,h_no_admisible,True,Solucion,13.0,8.0,409,293,0.0031429999999090796
mapa_022,7,7,2,BFS,,True,Solucion,15.0,8.0,1655,356,0.006378000000040629
mapa_022,7,7,2,DFS,,True,Solucion,153.0,26.0,1060,93,0.004339399998571025
mapa_022,7,7,2,IDDFS,,True,Solucion,15.0,8.0,57142,16,0.13537600000017846
mapa_022,7,7,2,Greedy,h_manhattan,True,Solucion,15.0,8.0,68,26,0.00041599999894970097
mapa_022,7,7,2,Greedy,h_manhattan_deadlock,True,Solucion,15.0,8.0,66,24,0.00041229999987990595
mapa_022,7,7,2,Greedy,h_no_admisible,True,Solucion,15.0,8.0,68,26,0.00037789999987580813
mapa_022,7,7,2,A*,h_manhattan,True,Solucion,15.0,8.0,447,266,0.004056600000694743
mapa_022,7,7,2,A*,h_manhattan_deadlock,True,Solucion,15.0,8.0,369,210,0.002940200000011828
mapa_022,7,7,2,A*,h_no_admisible,True,Solucion,15.0,8.0,133,109,0.0009616000006644754
mapa_023,7,7,2,BFS,,True,Solucion,30.0,10.0,1156,69,0.00488010000117356
mapa_023,7,7,2,DFS,,True,Solucion,40.0,12.0,1123,25,0.0033999000006588176
mapa_023,7,7,2,IDDFS,,False,Limite_Nodos,,,200000,25,0.5373755999989953
mapa_023,7,7,2,Greedy,h_manhattan,True,Solucion,30.0,10.0,63,26,0.00048040000001492444
mapa_023,7,7,2,Greedy,h_manhattan_deadlock,True,Solucion,30.0,10.0,63,26,0.0006700000012642704
mapa_023,7,7,2,Greedy,h_no_admisible,True,Solucion,30.0,10.0,63,26,0.0003598000002966728
mapa_023,7,7,2,A*,h_manhattan,True,Solucion,30.0,10.0,950,88,0.005958499999906053
mapa_023,7,7,2,A*,h_manhattan_deadlock,True,Solucion,30.0,10.0,662,67,0.0046029000004637055
mapa_023,7,7,2,A*,h_no_admisible,True,Solucion,30.0,10.0,723,74,0.0051802999987558
mapa_024,7,7,2,BFS,,True,Solucion,20.0,8.0,2988,316,0.011523299999680603
mapa_024,7,7,2,DFS,,True,Solucion,79.0,18.0,2637,62,0.009660699999585631
mapa_024,7,7,2,IDDFS,,False,Limite_Nodos,,,200000,17,0.48865699999987555
mapa_024,7,7,2,Greedy,h_manhattan,True,Solucion,32.0,12.0,596,76,0.004372900000817026
mapa_024,7,7,2,Greedy,h_manhattan_deadlock,True,Solucion,32.0,12.0,229,66,0.0019737999991775723
mapa_024,7,7,2,Greedy,h_no_admisible,True,Solucion,32.0,12.0,596,76,0.0029858999987482093
mapa_024,7,7,2,A*,h_manhattan,True,Solucion,20.0,8.0,2217,471,0.01648620000014489
mapa_024,7,7,2,A*,h_manhattan_deadlock,True,Solucion,20.0,8.0,932,226,0.008360900001207483
mapa_024,7,7,2,A*,h_no_admisible,True,Solucion,21.0,8.0,1334,406,0.010724400000981404
mapa_025,7,7,2,BFS,,True,Solucion,19.0,8.0,2723,289,0.010103299999173032
mapa_025,7,7,2,DFS,,True,Solucion,66.0,22.0,2982,57,0.01079550000031304
mapa_025,7,7,2,IDDFS,,False,Limite_Nodos,,,200000,18,0.48444410000047355
mapa_025,7,7,2,Greedy,h_manhattan,True,Solucion,27.0,10.0,335,88,0.0025455000013607787
mapa_025,7,7,2,Greedy,h_manhattan_deadlock,True,Solucion,27.0,10.0,218,69,0.001327300000411924
mapa_025,7,7,2,Greedy,h_no_admisible,True,Solucion,27.0,10.0,335,88,0.0017888000002130866
mapa_025,7,7,2,A*,h_manhattan,True,Solucion,19.0,8.0,1812,469,0.013662100000146893
mapa_025,7,7,2,A*,h_manhattan_deadlock,True,Solucion,19.0,8.0,836,207,0.0067591999995784136
mapa_025,7,7,2,A*,h_no_admisible,True,Solucion,19.0,8.0,921,366,0.0066728000001603505
mapa_026,7,7,2,BFS,,True,Solucion,17.0,8.0,2208,271,0.008033000000068569
mapa_026,7,7,2,DFS,,True,Solucion,19.0,8.0,340,39,0.001248999999006628
mapa_026,7,7,2,IDDFS,,False,Limite_Nodos,,,200000,18,0.48532800000066345
mapa_026,7,7,2,Greedy,h_manhattan,True,Solucion,17.0,8.0,224,29,0.0012016000000585336
mapa_026,7,7,2,Greedy,h_manhattan_deadlock,True,Solucion,17.0,8.0,188,30,0.001032899999700021
mapa_026,7,7,2,Greedy,h_no_admisible,True,Solucion,17.0,8.0,224,29,0.0011259999992034864
mapa_026,7,7,2,A*,h_manhattan,True,Solucion,17.0,8.0,1074,317,0.007729500001005363
mapa_026,7,7,2,A*,h_manhattan_deadlock,True,Solucion,17.0,8.0,693,226,0.006335699999908684
mapa_026,7,7,2,A*,h_no_admisible,True,Solucion,17.0,8.0,594,193,0.003851200001008692
mapa_027,7,7,2,BFS,,True,Solucion,26.0,10.0,1544,121,0.005304199999955017
mapa_027,7,7,2,DFS,,True,Solucion,40.0,12.0,918,22,0.0028942000008100877
mapa_027,7,7,2,IDDFS,,True,Solucion,26.0,10.0,174501,27,0.4727998000016669
mapa_027,7,7,2,Greedy,h_manhattan,True,Solucion,32.0,12.0,105,29,0.0006044000001566019
mapa_027,7,7,2,Greedy,h_manhattan_deadlock,True,Solucion,32.0,12.0,105,29,0.0006359999988490017
mapa_027,7,7,2,Greedy,h_no_admisible,True,Solucion,32.0,12.0,105,29,0.0005461999990075128
mapa_027,7,7,2,A*,h_manhattan,True,Solucion,26.0,10.0,1074,186,0.007165900000472902
mapa_027,7,7,2,A*,h_manhattan_deadlock,True,Solucion,26.0,10.0,588,135,0.004334500001277775
mapa_027,7,7,2,A*,h_no_admisible,True,Solucion,26.0,10.0,395,139,0.002502400000594207
mapa_028,7,7,2,BFS,,True,Solucion,13.0,8.0,871,225,0.0030796999999438412
mapa_028,7,7,2,DFS,,True,Solucion,73.0,16.0,2267,75,0.00825059999988298
mapa_028,7,7,2,IDDFS,,True,Solucion,13.0,8.0,9986,14,0.025722399999722256
mapa_028,7,7,2,Greedy,h_manhattan,True,Solucion,18.0,8.0,42,28,0.00037290000000211876
mapa_028,7,7,2,Greedy,h_manhattan_deadlock,True,Solucion,18.0,8.0,42,28,0.00036889999864797574
mapa_028,7,7,2,Greedy,h_no_admisible,True,Solucion,18.0,8.0,42,28,0.00025610000011511147
mapa_028,7,7,2,A*,h_manhattan,True,Solucion,13.0,8.0,269,153,0.0019127999985357746
mapa_028,7,7,2,A*,h_manhattan_deadlock,True,Solucion,13.0,8.0,217,117,0.001598199998625205
mapa_028,7,7,2,A*,h_no_admisible,True,Solucion,13.0,8.0,103,96,0.0007058000010147225
mapa_029,7,7,2,BFS,,True,Solucion,25.0,10.0,1367,91,0.004844099999900209
mapa_029,7,7,2,DFS,,True,Solucion,53.0,18.0,503,39,0.0016651000005367678
mapa_029,7,7,2,IDDFS,,False,Limite_Nodos,,,200000,24,0.5447404000005918
mapa_029,7,7,2,Greedy,h_manhattan,True,Solucion,31.0,12.0,598,35,0.003574599999410566
mapa_029,7,7,2,Greedy,h_manhattan_deadlock,True,Solucion,31.0,12.0,76,36,0.00048299999980372377
mapa_029,7,7,2,Greedy,h_no_admisible,True,Solucion,31.0,12.0,598,35,0.0028664000001299428
mapa_029,7,7,2,A*,h_manhattan,True,Solucion,25.0,10.0,1084,132,0.007185600001321291
mapa_029,7,7,2,A*,h_manhattan_deadlock,True,Solucion,25.0,10.0,527,91,0.003925400000298396
mapa_029,7,7,2,A*,h_no_admisible,True,Solucion,25.0,10.0,735,131,0.004658500000005006
mapa_030,7,7,2,BFS,,True,Solucion,28.0,12.0,2298,192,0.008359999999811407
mapa_030,7,7,2,DFS,,True,Solucion,48.0,16.0,514,43,0.001740399999107467
mapa_030,7,7,2,IDDFS,,False,Limite_Nodos,,,200000,19,0.5130102999992232
mapa_030,7,7,2,Greedy,h_manhattan,True,Solucion,42.0,12.0,322,53,0.0024140999994415324
mapa_030,7,7,2,Greedy,h_manhattan_deadlock,True,Solucion,42.0,12.0,218,53,0.0012134999997215346
mapa_030,7,7,2,Greedy,h_no_admisible,True,Solucion,42.0,12.0,322,53,0.0028008999997837236
mapa_030,7,7,2,A*,h_manhattan,True,Solucion,28.0,12.0,1997,248,0.013545199999498436
mapa_030,7,7,2,A*,h_manhattan_deadlock,True,Solucion,28.0,12.0,1064,193,0.008107399999062181
mapa_030,7,7,2,A*,h_no_admisible,True,Solucion,28.0,12.0,1384,226,0.01123130000087258
mapa_031,7,7,2,BFS,,True,Solucion,28.0,10.0,2046,135,0.007553200000984361
mapa_031,7,7,2,DFS,,True,Solucion,58.0,12.0,859,35,0.00279200000113633
mapa_031,7,7,2,IDDFS,,False,Limite_Nodos,,,200000,24,0.5305284000005486
mapa_031,7,7,2,Greedy,h_manhattan,True,Solucion,50.0,12.0,490,34,0.0025456000003032386
mapa_031,7,7,2,Greedy,h_manhattan_deadlock,True,Solucion,50.0,12.0,404,34,0.002150700000129291
mapa_031,7,7,2,Greedy,h_no_admisible,True,Solucion,50.0,12.0,490,34,0.0022404999999707798
mapa_031,7,7,2,A*,h_manhattan,True,Solucion,28.0,10.0,1463,175,0.009421800001291558
mapa_031,7,7,2,A*,h_manhattan_deadlock,True,Solucion,28.0,10.0,902,118,0.006207999998878222
mapa_031,7,7,2,A*,h_no_admisible,True,Solucion,28.0,10.0,1084,177,0.006718599999658181
mapa_032,7,7,2,BFS,,True,Solucion,31.0,12.0,2575,176,0.09498370000073919
mapa_032,7,7,2,DFS,,True,Solucion,67.0,16.0,1833,34,0.006017900001097587
mapa_032,7,7,2,IDDFS,,False,Limite_Nodos,,,200000,21,0.5204845999996905
mapa_032,7,7,2,Greedy,h_manhattan,True,Solucion,39.0,14.0,261,33,0.0014061000001674984
mapa_032,7,7,2,Greedy,h_manhattan_deadlock,True,Solucion,39.0,14.0,177,38,0.001044799999363022
mapa_032,7,7,2,Greedy,h_no_admisible,True,Solucion,39.0,14.0,261,33,0.0020003000008728122
mapa_032,7,7,2,A*,h_manhattan,True,Solucion,31.0,12.0,1989,290,0.012945200000103796
mapa_032,7,7,2,A*,h_manhattan_deadlock,True,Solucion,31.0,12.0,1142,217,0.008943099999669357
mapa_032,7,7,2,A*,h_no_admisible,True,Solucion,31.0,12.0,1245,227,0.00831550000111747
mapa_033,7,7,2,BFS,,True,Solucion,15.0,8.0,1165,185,0.005127899999934016
mapa_033,7,7,2,DFS,,True,Solucion,19.0,8.0,56,23,0.0001886000009108102
mapa_033,7,7,2,IDDFS,,True,Solucion,15.0,8.0,37817,16,0.09667169999920588
mapa_033,7,7,2,Greedy,h_manhattan,True,Solucion,19.0,8.0,34,19,0.000512100001287763
mapa_033,7,7,2,Greedy,h_manhattan_deadlock,True,Solucion,19.0,8.0,34,19,0.0005406000000220956
mapa_033,7,7,2,Greedy,h_no_admisible,True,Solucion,19.0,8.0,34,19,0.00020339999900897965
mapa_033,7,7,2,A*,h_manhattan,True,Solucion,15.0,8.0,479,197,0.003294399999504094
mapa_033,7,7,2,A*,h_manhattan_deadlock,True,Solucion,15.0,8.0,312,114,0.002341800000067451
mapa_033,7,7,2,A*,h_no_admisible,True,Solucion,16.0,8.0,227,109,0.0016952000005403534
mapa_034,7,7,2,BFS,,True,Solucion,12.0,8.0,900,234,0.003404900000532507
mapa_034,7,7,2,DFS,,True,Solucion,16.0,8.0,62,17,0.00021699999888369348
mapa_034,7,7,2,IDDFS,,True,Solucion,12.0,8.0,8632,13,0.021328200000425568
mapa_034,7,7,2,Greedy,h_manhattan,True,Solucion,16.0,8.0,230,37,0.0012342999998509185
mapa_034,7,7,2,Greedy,h_manhattan_deadlock,True,Solucion,16.0,8.0,71,36,0.0004726000006485265
mapa_034,7,7,2,Greedy,h_no_admisible,True,Solucion,16.0,8.0,230,37,0.0011895000006916234
mapa_034,7,7,2,A*,h_manhattan,True,Solucion,12.0,8.0,235,146,0.0016840000007505296
mapa_034,7,7,2,A*,h_manhattan_deadlock,True,Solucion,12.0,8.0,223,136,0.001890399998956127
mapa_034,7,7,2,A*,h_no_admisible,True,Solucion,12.0,8.0,48,65,0.0003787000005104346
mapa_035,7,7,2,BFS,,True,Solucion,12.0,8.0,781,270,0.0028875999996671453
mapa_035,7,7,2,DFS,,True,Solucion,22.0,8.0,985,35,0.0032301000010193093
mapa_035,7,7,2,IDDFS,,True,Solucion,12.0,8.0,5638,13,0.014198900000337744
mapa_035,7,7,2,Greedy,h_manhattan,True,Solucion,12.0,8.0,18,18,0.0001357000001007691
mapa_035,7,7,2,Greedy,h_manhattan_deadlock,True,Solucion,12.0,8.0,18,18,0.00013969999963592272
mapa_035,7,7,2,Greedy,h_no_admisible,True,Solucion,12.0,8.0,18,18,0.00012070000047970098
mapa_035,7,7,2,A*,h_manhattan,True,Solucion,12.0,8.0,151,92,0.0010600000005069887
mapa_035,7,7,2,A*,h_manhattan_deadlock,True,Solucion,12.0,8.0,149,90,0.0011704000007739523
mapa_035,7,7,2,A*,h_no_admisible,True,Solucion,12.0,8.0,48,48,0.0003578000014385907
mapa_036,7,7,2,BFS,,True,Solucion,14.0,8.0,2249,355,0.00929069999983767
mapa_036,7,7,2,DFS,,True,Solucion,64.0,22.0,737,60,0.0032281999992846977
mapa_036,7,7,2,IDDFS,,True,Solucion,14.0,8.0,110024,15,0.26762830000006943
mapa_036,7,7,2,Greedy,h_manhattan,True,Solucion,14.0,8.0,26,25,0.0004828000000998145
mapa_036,7,7,2,Greedy,h_manhattan_deadlock,True,Solucion,14.0,8.0,26,25,0.00021319999905244913
mapa_036,7,7,2,Greedy,h_no_admisible,True,Solucion,14.0,8.0,26,25,0.00018079999972542282
mapa_036,7,7,2,A*,h_manhattan,True,Solucion,14.0,8.0,528,309,0.004073500000231434
mapa_036,7,7,2,A*,h_manhattan_deadlock,True,Solucion,14.0,8.0,405,245,0.0032678000006853836
mapa_036,7,7,2,A*,h_no_admisible,True,Solucion,14.0,8.0,184,142,0.0013586000004579546
mapa_037,7,7,2,BFS,,True,Solucion,17.0,8.0,988,142,0.0033786000003601657
mapa_037,7,7,2,DFS,,True,Solucion,35.0,8.0,355,33,0.0011608000004343921
mapa_037,7,7,2,IDDFS,,True,Solucion,17.0,8.0,33705,18,0.08790939999926195
mapa_037,7,7,2,Greedy,h_manhattan,True,Solucion,17.0,8.0,44,21,0.0002977999993163394
mapa_037,7,7,2,Greedy,h_manhattan_deadlock,True,Solucion,17.0,8.0,44,21,0.00028929999825777486
mapa_037,7,7,2,Greedy,h_no_admisible,True,Solucion,17.0,8.0,44,21,0.00025629999981902074
mapa_037,7,7,2,A*,h_manhattan,True,Solucion,17.0,8.0,470,126,0.0030566000004910165
mapa_037,7,7,2,A*,h_manhattan_deadlock,True,Solucion,17.0,8.0,380,107,0.0027186000006622635
mapa_037,7,7,2,A*,h_no_admisible,True,Solucion,17.0,8.0,269,94,0.002138300000297022
mapa_038,7,7,2,BFS,,True,Solucion,20.0,8.0,2023,210,0.007918100000097184
mapa_038,7,7,2,DFS,,True,Solucion,51.0,12.0,95,33,0.0003414999991946388
mapa_038,7,7,2,IDDFS,,True,Solucion,20.0,8.0,183375,21,0.4823744999994233
mapa_038,7,7,2,Greedy,h_manhattan,True,Solucion,22.0,8.0,147,30,0.0014753999985259725
mapa_038,7,7,2,Greedy,h_manhattan_deadlock,True,Solucion,22.0,8.0,143,29,0.0008274000010715099
mapa_038,7,7,2,Greedy,h_no_admisible,True,Solucion,22.0,8.0,147,30,0.000732300000890973
mapa_038,7,7,2,A*,h_manhattan,True,Solucion,20.0,8.0,1196,282,0.008291099999041762
mapa_038,7,7,2,A*,h_manhattan_deadlock,True,Solucion,20.0,8.0,740,183,0.0061908000006951625
mapa_038,7,7,2,A*,h_no_admisible,True,Solucion,20.0,8.0,650,141,0.0041299000004073605
mapa_039,7,7,2,BFS,,True,Solucion,20.0,10.0,1277,144,0.004483999999138177
mapa_039,7,7,2,DFS,,True,Solucion,44.0,14.0,413,35,0.0013870000002498273
mapa_039,7,7,2,IDDFS,,False,Limite_Nodos,,,200000,20,0.5288614000000962
mapa_039,7,7,2,Greedy,h_manhattan,True,Solucion,25.0,10.0,228,39,0.001995300000999123
mapa_039,7,7,2,Greedy,h_manhattan_deadlock,True,Solucion,25.0,10.0,118,38,0.0007225000008475035
mapa_039,7,7,2,Greedy,h_no_admisible,True,Solucion,25.0,10.0,228,39,0.0011455999992904253
mapa_039,7,7,2,A*,h_manhattan,True,Solucion,20.0,10.0,693,200,0.004826599999432801
mapa_039,7,7,2,A*,h_manhattan_deadlock,True,Solucion,20.0,10.0,312,113,0.002626000001328066
mapa_039,7,7,2,A*,h_no_admisible,True,Solucion,20.0,10.0,425,154,0.0029329999997571576
mapa_040,7,7,2,BFS,,True,Solucion,18.0,8.0,1088,178,0.003874599999107886
mapa_040,7,7,2,DFS,,True,Solucion,49.0,12.0,1778,36,0.0060945000004721805
mapa_040,7,7,2,IDDFS,,True,Solucion,18.0,8.0,37520,19,0.09837370000059309
mapa_040,7,7,2,Greedy,h_manhattan,True,Solucion,37.0,8.0,105,26,0.0006431000001612119
mapa_040,7,7,2,Greedy,h_manhattan_deadlock,True,Solucion,37.0,8.0,105,26,0.0006302000001596753
mapa_040,7,7,2,Greedy,h_no_admisible,True,Solucion,37.0,8.0,105,26,0.0005577000010816846
mapa_040,7,7,2,A*,h_manhattan,True,Solucion,18.0,8.0,662,170,0.0043382999992900295
mapa_040,7,7,2,A*,h_manhattan_deadlock,True,Solucion,18.0,8.0,499,127,0.003569900000002235
mapa_040,7,7,2,A*,h_no_admisible,True,Solucion,18.0,8.0,464,125,0.003596099999413127
mapa_041,7,7,2,BFS,,True,Solucion,18.0,8.0,1842,233,0.0067983999997522915
mapa_041,7,7,2,DFS,,True,Solucion,69.0,16.0,553,50,0.0019529000001057284
mapa_041,7,7,2,IDDFS,,False,Limite_Nodos,,,200000,18,0.5023517000008724
mapa_041,7,7,2,Greedy,h_manhattan,True,Solucion,29.0,10.0,148,34,0.0012739000012516044
mapa_041,7,7,2,Greedy,h_manhattan_deadlock,True,Solucion,29.0,10.0,111,32,0.0006873999991512392
mapa_041,7,7,2,Greedy,h_no_admisible,True,Solucion,29.0,10.0,148,34,0.0012076000002707588
mapa_041,7,7,2,A*,h_manhattan,True,Solucion,18.0,8.0,1058,298,0.007435900000928086
mapa_041,7,7,2,A*,h_manhattan_deadlock,True,Solucion,18.0,8.0,776,216,0.006066500000088126
mapa_041,7,7,2,A*,h_no_admisible,True,Solucion,18.0,8.0,441,176,0.0035058000012213597
mapa_042,7,7,2,BFS,,True,Solucion,16.0,8.0,1833,341,0.006534199999805423
mapa_042,7,7,2,DFS,,True,Solucion,36.0,10.0,417,30,0.0013646999996126397
mapa_042,7,7,2,IDDFS,,True,Solucion,16.0,8.0,47472,17,0.11505509999915375
mapa_042,7,7,2,Greedy,h_manhattan,True,Solucion,18.0,8.0,136,23,0.000753199999962817
mapa_042,7,7,2,Greedy,h_manhattan_deadlock,True,Solucion,18.0,8.0,117,23,0.0006826000008004485
mapa_042,7,7,2,Greedy,h_no_admisible,True,Solucion,18.0,8.0,136,23,0.0006880000000819564
mapa_042,7,7,2,A*,h_manhattan,True,Solucion,16.0,8.0,690,264,0.0048569999999017455
mapa_042,7,7,2,A*,h_manhattan_deadlock,True,Solucion,16.0,8.0,515,188,0.004929100001390907
mapa_042,7,7,2,A*,h_no_admisible,True,Solucion,16.0,8.0,373,165,0.0023927000002004206
mapa_043,7,7,2,BFS,,True,Solucion,31.0,10.0,1065,57,0.0034470999999030028
mapa_043,7,7,2,DFS,,True,Solucion,31.0,10.0,325,22,0.0010320999990653945
mapa_043,7,7,2,IDDFS,,True,Solucion,31.0,10.0,184353,32,0.52175779999925
mapa_043,7,7,2,Greedy,h_manhattan,True,Solucion,45.0,10.0,175,31,0.0010583000002952758
mapa_043,7,7,2,Greedy,h_manhattan_deadlock,True,Solucion,45.0,10.0,130,29,0.0007520999988628319
mapa_043,7,7,2,Greedy,h_no_admisible,True,Solucion,45.0,10.0,175,31,0.0008648000002722256
mapa_043,7,7,2,A*,h_manhattan,True,Solucion,31.0,10.0,854,81,0.005214999999225256
mapa_043,7,7,2,A*,h_manhattan_deadlock,True,Solucion,31.0,10.0,487,67,0.003275200000643963
mapa_043,7,7,2,A*,h_no_admisible,True,Solucion,31.0,10.0,615,83,0.0036777999994228594
mapa_044,7,7,2,BFS,,True,Solucion,23.0,8.0,1998,184,0.008595299999797135
mapa_044,7,7,2,DFS,,True,Solucion,53.0,12.0,685,35,0.0023562000005767914
mapa_044,7,7,2,IDDFS,,False,Limite_Nodos,,,200000,22,0.529417800000374
mapa_044,7,7,2,Greedy,h_manhattan,True,Solucion,29.0,8.0,50,25,0.0003271000005042879
mapa_044,7,7,2,Greedy,h_manhattan_deadlock,True,Solucion,29.0,8.0,50,25,0.00033459999940532725
mapa_044,7,7,2,Greedy,h_no_admisible,True,Solucion,29.0,8.0,50,25,0.00029150000045774505
mapa_044,7,7,2,A*,h_manhattan,True,Solucion,23.0,8.0,1203,215,0.008060000000114087
mapa_044,7,7,2,A*,h_manhattan_deadlock,True,Solucion,23.0,8.0,911,169,0.006804399999964517
mapa_044,7,7,2,A*,h_no_admisible,True,Solucion,23.0,8.0,868,158,0.005555699999604258
mapa_045,7,7,2,BFS,,True,Solucion,17.0,8.0,2386,291,0.008955299999797717
mapa_045,7,7,2,DFS,,True,Solucion,31.0,12.0,182,46,0.0006862999998702435
mapa_045,7,7,2,IDDFS,,True,Solucion,17.0,8.0,179662,18,0.4489027999989048
mapa_045,7,7,2,Greedy,h_manhattan,True,Solucion,19.0,8.0,67,26,0.0009327999996457947
mapa_045,7,7,2,Greedy,h_manhattan_deadlock,True,Solucion,19.0,8.0,67,26,0.0006819999998697313
mapa_045,7,7,2,Greedy,h_no_admisible,True,Solucion,19.0,8.0,67,26,0.0008966000004875241
mapa_045,7,7,2,A*,h_manhattan,True,Solucion,17.0,8.0,1229,407,0.008579999999710708
mapa_045,7,7,2,A*,h_manhattan_deadlock,True,Solucion,17.0,8.0,730,219,0.0054335000004357425
mapa_045,7,7,2,A*,h_no_admisible,True,Solucion,17.0,8.0,486,213,0.0033684000009088777
mapa_046,7,7,2,BFS,,True,Solucion,17.0,8.0,2881,381,0.012115200001062476
mapa_046,7,7,2,DFS,,True,Solucion,48.0,14.0,1638,65,0.0058882999983325135
mapa_046,7,7,2,IDDFS,,False,Limite_Nodos,,,200000,17,0.48901389999991807
mapa_046,7,7,2,Greedy,h_manhattan,True,Solucion,17.0,8.0,200,45,0.0011967000009462936
mapa_046,7,7,2,Greedy,h_manhattan_deadlock,True,Solucion,17.0,8.0,45,31,0.0003360999999131309
mapa_046,7,7,2,Greedy,h_no_admisible,True,Solucion,17.0,8.0,200,45,0.0017103999998653308
mapa_046,7,7,2,A*,h_manhattan,True,Solucion,17.0,8.0,1447,497,0.011852400000861962
mapa_046,7,7,2,A*,h_manhattan_deadlock,True,Solucion,17.0,8.0,871,345,0.006976700000450364
mapa_046,7,7,2,A*,h_no_admisible,True,Solucion,17.0,8.0,527,236,0.004474299999856157
mapa_047,7,7,2,BFS,,True,Solucion,31.0,10.0,1469,94,0.005084000000351807
mapa_047,7,7,2,DFS,,True,Solucion,37.0,12.0,230,28,0.0007480999993276782
mapa_047,7,7,2,IDDFS,,False,Limite_Nodos,,,200000,24,0.5541071000006923
mapa_047,7,7,2,Greedy,h_manhattan,True,Solucion,31.0,10.0,153,27,0.0008056000006035902
mapa_047,7,7,2,Greedy,h_manhattan_deadlock,True,Solucion,31.0,10.0,135,28,0.0007585999992443249
mapa_047,7,7,2,Greedy,h_no_admisible,True,Solucion,31.0,10.0,153,27,0.000778800000261981
mapa_047,7,7,2,A*,h_manhattan,True,Solucion,31.0,10.0,1017,117,0.006473200000982615
mapa_047,7,7,2,A*,h_manhattan_deadlock,True,Solucion,31.0,10.0,650,63,0.0045921000000817
mapa_047,7,7,2,A*,h_no_admisible,True,Solucion,31.0,10.0,853,85,0.00657370000044466
mapa_048,7,7,2,BFS,,True,Solucion,15.0,8.0,737,165,0.002304700001332094
mapa_048,7,7,2,DFS,,True,Solucion,115.0,20.0,1334,72,0.004819700001462479
mapa_048,7,7,2,IDDFS,,True,Solucion,15.0,8.0,18156,16,0.04717220000020461
mapa_048,7,7,2,Greedy,h_manhattan,True,Solucion,20.0,8.0,61,40,0.0004162999994150596
mapa_048,7,7,2,Greedy,h_manhattan_deadlock,True,Solucion,20.0,8.0,61,40,0.0004833000002690824
mapa_048,7,7,2,Greedy,h_no_admisible,True,Solucion,20.0,8.0,61,40,0.0003859999997075647
mapa_048,7,7,2,A*,h_manhattan,True,Solucion,15.0,8.0,314,110,0.0022005999999237247
mapa_048,7,7,2,A*,h_manhattan_deadlock,True,Solucion,15.0,8.0,299,103,0.0029429000005620765
mapa_048,7,7,2,A*,h_no_admisible,True,Solucion,15.0,8.0,130,70,0.0012002999992546393
mapa_049,7,7,2,BFS,,True,Solucion,19.0,8.0,1844,242,0.006850800000393065
mapa_049,7,7,2,DFS,,True,Solucion,57.0,16.0,234,52,0.0007914000016171485
mapa_049,7,7,2,IDDFS,,False,Limite_Nodos,,,200000,18,0.5047801999990043
mapa_049,7,7,2,Greedy,h_manhattan,True,Solucion,21.0,8.0,76,31,0.0004788999995071208
mapa_049,7,7,2,Greedy,h_manhattan_deadlock,True,Solucion,21.0,8.0,76,31,0.0004905999994662125
mapa_049,7,7,2,Greedy,h_no_admisible,True,Solucion,21.0,8.0,76,31,0.00043340000047464855
mapa_049,7,7,2,A*,h_manhattan,True,Solucion,19.0,8.0,904,274,0.0074064000000362284
mapa_049,7,7,2,A*,h_manhattan_deadlock,True,Solucion,19.0,8.0,511,165,0.003775600000153645
mapa_049,7,7,2,A*,h_no_admisible,True,Solucion,19.0,8.0,326,120,0.00215080000089074
mapa_050,7,7,2,BFS,,True,Solucion,18.0,8.0,3049,387,0.012609299999894574
mapa_050,7,7,2,DFS,,True,Solucion,52.0,14.0,2727,40,0.010888900000281865
mapa_050,7,7,2,IDDFS,,False,Limite_Nodos,,,200000,17,0.4911130000000412
mapa_050,7,7,2,Greedy,h_manhattan,True,Solucion,32.0,10.0,148,40,0.0008866000007401453
mapa_050,7,7,2,Greedy,h_manhattan_deadlock,True,Solucion,32.0,10.0,112,41,0.000724199999240227
mapa_050,7,7,2,Greedy,h_no_admisible,True,Solucion,32.0,10.0,148,40,0.0008226999998441897
mapa_050,7,7,2,A*,h_manhattan,True,Solucion,18.0,8.0,1576,470,0.012043900000207941
mapa_050,7,7,2,A*,h_manhattan_deadlock,True,Solucion,18.0,8.0,1089,318,0.009141900000031455
mapa_050,7,7,2,A*,h_no_admisible,True,Solucion,18.0,8.0,624,237,0.0045254000015120255
mapa_051,7,7,2,BFS,,True,Solucion,21.0,8.0,2517,281,0.009342100000139908
mapa_051,7,7,2,DFS,,True,Solucion,119.0,18.0,1645,82,0.006257400000322377
mapa_051,7,7,2,IDDFS,,False,Limite_Nodos,,,200000,20,0.50892869999916
mapa_051,7,7,2,Greedy,h_manhattan,True,Solucion,21.0,8.0,81,30,0.00048349999997299165
mapa_051,7,7,2,Greedy,h_manhattan_deadlock,True,Solucion,21.0,8.0,81,30,0.000495000000228174
mapa_051,7,7,2,Greedy,h_no_admisible,True,Solucion,21.0,8.0,81,30,0.0004408999993756879
mapa_051,7,7,2,A*,h_manhattan,True,Solucion,21.0,8.0,1788,379,0.01284739999937301
mapa_051,7,7,2,A*,h_manhattan_deadlock,True,Solucion,21.0,8.0,1055,229,0.008399500000450644
mapa_051,7,7,2,A*,h_no_admisible,True,Solucion,21.0,8.0,814,265,0.006499600000097416
mapa_052,7,7,2,BFS,,True,Solucion,26.0,8.0,2648,220,0.009630800001104944
mapa_052,7,7,2,DFS,,True,Solucion,56.0,14.0,382,49,0.0012991999992664205
mapa_052,7,7,2,IDDFS,,False,Limite_Nodos,,,200000,21,0.516766099999586
mapa_052,7,7,2,Greedy,h_manhattan,True,Solucion,26.0,8.0,58,22,0.000785399999585934
mapa_052,7,7,2,Greedy,h_manhattan_deadlock,True,Solucion,26.0,8.0,58,22,0.0005305999984557275
mapa_052,7,7,2,Greedy,h_no_admisible,True,Solucion,26.0,8.0,58,22,0.00032669999927747995
mapa_052,7,7,2,A*,h_manhattan,True,Solucion,26.0,8.0,1666,302,0.012344800001301337
mapa_052,7,7,2,A*,h_manhattan_deadlock,True,Solucion,26.0,8.0,1250,233,0.009674400000221794
mapa_052,7,7,2,A*,h_no_admisible,True,Solucion,26.0,8.0,717,194,0.005724299999201321
mapa_053,7,7,2,BFS,,True,Solucion,28.0,12.0,3132,241,0.01173670000025595
mapa_053,7,7,2,DFS,,True,Solucion,46.0,14.0,2829,52,0.010979900000165799
mapa_053,7,7,2,IDDFS,,False,Limite_Nodos,,,200000,18,0.5076414000013756
mapa_053,7,7,2,Greedy,h_manhattan,True,Solucion,38.0,12.0,277,48,0.0016899000002013054
mapa_053,7,7,2,Greedy,h_manhattan_deadlock,True,Solucion,38.0,12.0,188,50,0.0011161999991600169
mapa_053,7,7,2,Greedy,h_no_admisible,True,Solucion,38.0,12.0,277,48,0.0013897999997425359
mapa_053,7,7,2,A*,h_manhattan,True,Solucion,28.0,12.0,2273,363,0.016557799999645795
mapa_053,7,7,2,A*,h_manhattan_deadlock,True,Solucion,28.0,12.0,1293,279,0.010349399999540765
mapa_053,7,7,2,A*,h_no_admisible,True,Solucion,28.0,12.0,1227,271,0.00886519999949087
mapa_054,7,7,2,BFS,,True,Solucion,12.0,8.0,343,70,0.0011817000013252255
mapa_054,7,7,2,DFS,,True,Solucion,66.0,12.0,788,35,0.002639100001033512
mapa_054,7,7,2,IDDFS,,True,Solucion,12.0,8.0,3677,13,0.009564800000589457
mapa_054,7,7,2,Greedy,h_manhattan,True,Solucion,12.0,8.0,21,17,0.00014999999984866008
mapa_054,7,7,2,Greedy,h_manhattan_deadlock,True,Solucion,12.0,8.0,21,17,0.00016320000031555537
mapa_054,7,7,2,Greedy,h_no_admisible,True,Solucion,12.0,8.0,21,17,0.00014120000014372636
mapa_054,7,7,2,A*,h_manhattan,True,Solucion,12.0,8.0,138,54,0.0009208999999827938
mapa_054,7,7,2,A*,h_manhattan_deadlock,True,Solucion,12.0,8.0,138,54,0.0010268999994877959
mapa_054,7,7,2,A*,h_no_admisible,True,Solucion,12.0,8.0,83,56,0.0005591999997704988
mapa_055,7,7,2,BFS,,True,Solucion,16.0,8.0,1541,263,0.005887899998924695
mapa_055,7,7,2,DFS,,True,Solucion,61.0,12.0,92,49,0.00035740000021178275
mapa_055,7,7,2,IDDFS,,True,Solucion,16.0,8.0,60529,17,0.1540193000000727
mapa_055,7,7,2,Greedy,h_manhattan,True,Solucion,17.0,8.0,39,25,0.0006183000004966743
mapa_055,7,7,2,Greedy,h_manhattan_deadlock,True,Solucion,17.0,8.0,39,25,0.0006337000013445504
mapa_055,7,7,2,Greedy,h_no_admisible,True,Solucion,17.0,8.0,39,25,0.00024049999956332613
mapa_055,7,7,2,A*,h_manhattan,True,Solucion,16.0,8.0,461,192,0.0032947999989119126
mapa_055,7,7,2,A*,h_manhattan_deadlock,True,Solucion,16.0,8.0,347,140,0.0031197000007523457
mapa_055,7,7,2,A*,h_no_admisible,True,Solucion,16.0,8.0,200,99,0.0013515000009647338
mapa_056,7,7,2,BFS,,True,Solucion,25.0,10.0,635,52,0.0021171999997022795
mapa_056,7,7,2,DFS,,True,Solucion,27.0,12.0,236,20,0.0007771999989927281
mapa_056,7,7,2,IDDFS,,False,Limite_Nodos,,,200000,25,0.5615778999999748
mapa_056,7,7,2,Greedy,h_manhattan,True,Solucion,37.0,12.0,246,36,0.0017548000014357967
mapa_056,7,7,2,Greedy,h_manhattan_deadlock,True,Solucion,37.0,12.0,176,37,0.001000299998850096
mapa_056,7,7,2,Greedy,h_no_admisible,True,Solucion,37.0,12.0,246,36,0.0012174000003142282
mapa_056,7,7,2,A*,h_manhattan,True,Solucion,25.0,10.0,586,63,0.00389530000029481
mapa_056,7,7,2,A*,h_manhattan_deadlock,True,Solucion,25.0,10.0,321,45,0.002272800000355346
mapa_056,7,7,2,A*,h_no_admisible,True,Solucion,25.0,10.0,474,75,0.0030157999990478856
mapa_057,7,7,2,BFS,,True,Solucion,32.0,8.0,1674,109,0.005918799999562907
mapa_057,7,7,2,DFS,,True,Solucion,36.0,12.0,842,32,0.002989000000525266
mapa_057,7,7,2,IDDFS,,False,Limite_Nodos,,,200000,25,0.5344452999997884
mapa_057,7,7,2,Greedy,h_manhattan,True,Solucion,36.0,10.0,487,31,0.0028125000008003553
mapa_057,7,7,2,Greedy,h_manhattan_deadlock,True,Solucion,36.0,10.0,463,32,0.0024253999999928055
mapa_057,7,7,2,Greedy,h_no_admisible,True,Solucion,36.0,10.0,487,31,0.002980100000058883
mapa_057,7,7,2,A*,h_manhattan,True,Solucion,32.0,8.0,1355,122,0.008734999999433057
mapa_057,7,7,2,A*,h_manhattan_deadlock,True,Solucion,32.0,8.0,1002,103,0.006798299998990842
mapa_057,7,7,2,A*,h_no_admisible,True,Solucion,32.0,8.0,1015,107,0.006876399998873239
mapa_058,7,7,2,BFS,,True,Solucion,20.0,8.0,2094,236,0.00795520000065153
mapa_058,7,7,2,DFS,,True,Solucion,32.0,8.0,233,43,0.0008166999996319646
mapa_058,7,7,2,IDDFS,,False,Limite_Nodos,,,200000,20,0.5079220999996323
mapa_058,7,7,2,Greedy,h_manhattan,True,Solucion,20.0,8.0,131,28,0.0007565000014437828
mapa_058,7,7,2,Greedy,h_manhattan_deadlock,True,Solucion,20.0,8.0,41,26,0.0002996000002895016
mapa_058,7,7,2,Greedy,h_no_admisible,True,Solucion,20.0,8.0,131,28,0.001334699998551514
mapa_058,7,7,2,A*,h_manhattan,True,Solucion,20.0,8.0,1248,315,0.00908259999960137
mapa_058,7,7,2,A*,h_manhattan_deadlock,True,Solucion,20.0,8.0,766,201,0.005579599999691709
mapa_058,7,7,2,A*,h_no_admisible,True,Solucion,20.0,8.0,521,164,0.004051699999763514
mapa_059,7,7,2,BFS,,True,Solucion,30.0,10.0,843,45,0.002749099998254678
mapa_059,7,7,2,DFS,,True,Solucion,48.0,12.0,613,21,0.002178799999455805
mapa_059,7,7,2,IDDFS,,False,Limite_Nodos,,,200000,27,0.5886414000015066
mapa_059,7,7,2,Greedy,h_manhattan,True,Solucion,40.0,10.0,198,24,0.0017072999999072636
mapa_059,7,7,2,Greedy,h_manhattan_deadlock,True,Solucion,40.0,10.0,134,27,0.0007866000014473684
mapa_059,7,7,2,Greedy,h_no_admisible,True,Solucion,40.0,10.0,198,24,0.0009771999993972713
mapa_059,7,7,2,A*,h_manhattan,True,Solucion,30.0,10.0,719,66,0.004465499998332234
mapa_059,7,7,2,A*,h_manhattan_deadlock,True,Solucion,30.0,10.0,438,65,0.00349619999906281
mapa_059,7,7,2,A*,h_no_admisible,True,Solucion,30.0,10.0,639,86,0.0040907999991759425
mapa_060,7,7,2,BFS,,True,Solucion,21.0,10.0,2833,244,0.011313799999697949
mapa_060,7,7,2,DFS,,True,Solucion,40.0,14.0,1294,65,0.00535669999953825
mapa_060,7,7,2,IDDFS,,False,Limite_Nodos,,,200000,16,0.4757126000004064
mapa_060,7,7,2,Greedy,h_manhattan,True,Solucion,27.0,10.0,104,52,0.0006994000013946788
mapa_060,7,7,2,Greedy,h_manhattan_deadlock,True,Solucion,27.0,10.0,84,49,0.0006047999995644204
mapa_060,7,7,2,Greedy,h_no_admisible,True,Solucion,27.0,10.0,104,52,0.0006401000009645941
mapa_060,7,7,2,A*,h_manhattan,True,Solucion,21.0,10.0,1858,413,0.01443459999973129
mapa_060,7,7,2,A*,h_manhattan_deadlock,True,Solucion,21.0,10.0,1093,250,0.00944089999939024
mapa_060,7,7,2,A*,h_no_admisible,True,Solucion,21.0,10.0,1330,371,0.010366900000008172
mapa_061,7,7,2,BFS,,True,Solucion,15.0,8.0,2502,390,0.009731699999974808
mapa_061,7,7,2,DFS,,True,Solucion,117.0,28.0,2596,129,0.010027899999840884
mapa_061,7,7,2,IDDFS,,True,Solucion,15.0,8.0,135425,16,0.3245714000004227
mapa_061,7,7,2,Greedy,h_manhattan,True,Solucion,15.0,8.0,236,49,0.001360600001135026
mapa_061,7,7,2,Greedy,h_manhattan_deadlock,True,Solucion,15.0,8.0,32,34,0.0002710999997361796
mapa_061,7,7,2,Greedy,h_no_admisible,True,Solucion,15.0,8.0,236,49,0.0014379999993252568
mapa_061,7,7,2,A*,h_manhattan,True,Solucion,15.0,8.0,823,448,0.0067257999999128515
mapa_061,7,7,2,A*,h_manhattan_deadlock,True,Solucion,15.0,8.0,507,311,0.005260199999611359
mapa_061,7,7,2,A*,h_no_admisible,True,Solucion,16.0,8.0,334,207,0.0023123000009945827
mapa_062,7,7,2,BFS,,True,Solucion,27.0,10.0,3210,316,0.012796300001355121
mapa_062,7,7,2,DFS,,True,Solucion,125.0,28.0,2485,89,0.01025130000016361
mapa_062,7,7,2,IDDFS,,False,Limite_Nodos,,,200000,17,0.49289609999868844
mapa_062,7,7,2,Greedy,h_manhattan,True,Solucion,41.0,12.0,444,62,0.0026703000003180932
mapa_062,7,7,2,Greedy,h_manhattan_deadlock,True,Solucion,41.0,12.0,306,57,0.0018620999999257037
mapa_062,7,7,2,Greedy,h_no_admisible,True,Solucion,41.0,12.0,444,62,0.002384100000199396
mapa_062,7,7,2,A*,h_manhattan,True,Solucion,27.0,10.0,3117,495,0.02343500000097265
mapa_062,7,7,2,A*,h_manhattan_deadlock,True,Solucion,27.0,10.0,1440,226,0.011035699999411008
mapa_062,7,7,2,A*,h_no_admisible,True,Solucion,27.0,10.0,2571,491,0.01958589999958349
mapa_063,7,7,2,BFS,,True,Solucion,22.0,8.0,2663,274,0.010358900000937865
mapa_063,7,7,2,DFS,,True,Solucion,68.0,18.0,1425,38,0.005497300000570249
mapa_063,7,7,2,IDDFS,,False,Limite_Nodos,,,200000,19,0.5079979000001913
mapa_063,7,7,2,Greedy,h_manhattan,True,Solucion,22.0,8.0,247,36,0.0015156999997998355
mapa_063,7,7,2,Greedy,h_manhattan_deadlock,True,Solucion,22.0,8.0,192,38,0.0011312000006000744
mapa_063,7,7,2,Greedy,h_no_admisible,True,Solucion,22.0,8.0,247,36,0.0011991999999736436
mapa_063,7,7,2,A*,h_manhattan,True,Solucion,22.0,8.0,1870,326,0.014086499999393709
mapa_063,7,7,2,A*,h_manhattan_deadlock,True,Solucion,22.0,8.0,1270,249,0.010235199999442557
mapa_063,7,7,2,A*,h_no_admisible,True,Solucion,22.0,8.0,928,245,0.007003700000495883
mapa_064,7,7,2,BFS,,True,Solucion,22.0,10.0,1902,164,0.007350999998379848
mapa_064,7,7,2,DFS,,True,Solucion,64.0,14.0,1046,42,0.003206899998986046
mapa_064,7,7,2,IDDFS,,False,Limite_Nodos,,,200000,21,0.5205774999994901
mapa_064,7,7,2,Greedy,h_manhattan,True,Solucion,30.0,8.0,152,29,0.001271400000405265
mapa_064,7,7,2,Greedy,h_manhattan_deadlock,True,Solucion,30.0,8.0,81,26,0.000515800000357558
mapa_064,7,7,2,Greedy,h_no_admisible,True,Solucion,30.0,8.0,152,29,0.0007923000011942349
mapa_064,7,7,2,A*,h_manhattan,True,Solucion,22.0,8.0,1240,194,0.008070800000496092
mapa_064,7,7,2,A*,h_manhattan_deadlock,True,Solucion,22.0,8.0,750,149,0.006218300000909949
mapa_064,7,7,2,A*,h_no_admisible,True,Solucion,22.0,8.0,631,121,0.0037650000012945384
mapa_065,7,7,2,BFS,,True,Solucion,15.0,8.0,2566,350,0.010652299999492243
mapa_065,7,7,2,DFS,,True,Solucion,42.0,14.0,166,46,0.0006186999999044929
mapa_065,7,7,2,IDDFS,,True,Solucion,15.0,8.0,174662,16,0.42831119999937073
mapa_065,7,7,2,Greedy,h_manhattan,True,Solucion,17.0,8.0,70,38,0.0004903000008198433
mapa_065,7,7,2,Greedy,h_manhattan_deadlock,True,Solucion,17.0,8.0,51,37,0.00038099999983387534
mapa_065,7,7,2,Greedy,h_no_admisible,True,Solucion,17.0,8.0,70,38,0.000420000000303844
mapa_065,7,7,2,A*,h_manhattan,True,Solucion,15.0,8.0,980,413,0.00754640000013751
mapa_065,7,7,2,A*,h_manhattan_deadlock,True,Solucion,15.0,8.0,687,297,0.0070149000002857065
mapa_065,7,7,2,A*,h_no_admisible,True,Solucion,15.0,8.0,215,200,0.0015770000009069918
mapa_066,7,7,2,BFS,,True,Solucion,22.0,10.0,2521,212,0.010758799999166513
mapa_066,7,7,2,DFS,,True,Solucion,48.0,12.0,1108,65,0.00381070000003092
mapa_066,7,7,2,IDDFS,,False,Limite_Nodos,,,200000,18,0.4933558000011544
mapa_066,7,7,2,Greedy,h_manhattan,True,Solucion,28.0,10.0,548,69,0.0030084999998507556
mapa_066,7,7,2,Greedy,h_manhattan_deadlock,True,Solucion,28.0,10.0,261,51,0.0015469000009034062
mapa_066,7,7,2,Greedy,h_no_admisible,True,Solucion,28.0,10.0,548,69,0.002898099999583792
mapa_066,7,7,2,A*,h_manhattan,True,Solucion,22.0,10.0,1592,321,0.013246900000012829
mapa_066,7,7,2,A*,h_manhattan_deadlock,True,Solucion,22.0,10.0,858,222,0.0066882000010082265
mapa_066,7,7,2,A*,h_no_admisible,True,Solucion,22.0,10.0,970,214,0.007402199998978176
mapa_067,7,7,2,BFS,,True,Solucion,28.0,8.0,1520,117,0.005184300000109943
mapa_067,7,7,2,DFS,,True,Solucion,66.0,12.0,1087,35,0.0035886000005120877
mapa_067,7,7,2,IDDFS,,False,Limite_Nodos,,,200000,27,0.5562778000003163
mapa_067,7,7,2,Greedy,h_manhattan,True,Solucion,32.0,8.0,221,31,0.0018682999998418381
mapa_067,7,7,2,Greedy,h_manhattan_deadlock,True,Solucion,32.0,8.0,92,26,0.0005367999983718619
mapa_067,7,7,2,Greedy,h_no_admisible,True,Solucion,32.0,8.0,221,31,0.001062699999238248
mapa_067,7,7,2,A*,h_manhattan,True,Solucion,28.0,8.0,1252,164,0.008033599999180296
mapa_067,7,7,2,A*,h_manhattan_deadlock,True,Solucion,28.0,8.0,482,81,0.003351499999553198
mapa_067,7,7,2,A*,h_no_admisible,True,Solucion,28.0,8.0,765,130,0.004888299999947776
mapa_068,7,7,2,BFS,,True,Solucion,16.0,10.0,1077,259,0.003956800001105876
mapa_068,7,7,2,DFS,,True,Solucion,40.0,14.0,1597,55,0.0059706000010919524
mapa_068,7,7,2,IDDFS,,True,Solucion,16.0,10.0,28166,17,0.0721280999987357
mapa_068,7,7,2,Greedy,h_manhattan,True,Solucion,30.0,8.0,371,29,0.002036099998804275
mapa_068,7,7,2,Greedy,h_manhattan_deadlock,True,Solucion,30.0,8.0,249,33,0.0013886000015190803
mapa_068,7,7,2,Greedy,h_no_admisible,True,Solucion,30.0,8.0,371,29,0.001779599999281345
mapa_068,7,7,2,A*,h_manhattan,True,Solucion,16.0,10.0,351,148,0.0024699000005057314
mapa_068,7,7,2,A*,h_manhattan_deadlock,True,Solucion,16.0,10.0,315,124,0.0024016000006668037
mapa_068,7,7,2,A*,h_no_admisible,True,Solucion,16.0,10.0,198,77,0.0012157000001025153
mapa_069,7,7,2,BFS,,True,Solucion,15.0,8.0,2870,404,0.011569399999643792
mapa_069,7,7,2,DFS,,True,Solucion,44.0,12.0,310,60,0.001875800000561867
mapa_069,7,7,2,IDDFS,,False,Limite_Nodos,,,200000,16,0.48197259999869857
mapa_069,7,7,2,Greedy,h_manhattan,True,Solucion,21.0,8.0,443,62,0.0026366999991296325
mapa_069,7,7,2,Greedy,h_manhattan_deadlock,True,Solucion,21.0,8.0,172,52,0.0010591999998723622
mapa_069,7,7,2,Greedy,h_no_admisible,True,Solucion,21.0,8.0,443,62,0.0022836999996798113
mapa_069,7,7,2,A*,h_manhattan,True,Solucion,15.0,8.0,1247,497,0.009784900001250207
mapa_069,7,7,2,A*,h_manhattan_deadlock,True,Solucion,15.0,8.0,907,362,0.007656899999346933
mapa_069,7,7,2,A*,h_no_admisible,True,Solucion,15.0,8.0,362,239,0.002738000001045293
mapa_070,7,7,2,BFS,,True,Solucion,15.0,8.0,932,196,0.003300399999716319
mapa_070,7,7,2,DFS,,True,Solucion,30.0,12.0,2639,67,0.009922799999912968
mapa_070,7,7,2,IDDFS,,True,Solucion,15.0,8.0,30585,16,0.078454899999997
mapa_070,7,7,2,Greedy,h_manhattan,True,Solucion,15.0,8.0,35,24,0.000261799999861978
mapa_070,7,7,2,Greedy,h_manhattan_deadlock,True,Solucion,15.0,8.0,35,24,0.00026450000041222665
mapa_070,7,7,2,Greedy,h_no_admisible,True,Solucion,15.0,8.0,35,24,0.00022729999909643084
mapa_070,7,7,2,A*,h_manhattan,True,Solucion,15.0,8.0,346,114,0.002469700000801822
mapa_070,7,7,2,A*,h_manhattan_deadlock,True,Solucion,15.0,8.0,282,94,0.0029180000001360895
mapa_070,7,7,2,A*,h_no_admisible,True,Solucion,16.0,8.0,198,91,0.00141290000101435
mapa_071,7,7,2,BFS,,True,Solucion,29.0,8.0,1717,157,0.006735299999490962
mapa_071,7,7,2,DFS,,True,Solucion,41.0,8.0,263,42,0.0007984999992913799
mapa_071,7,7,2,IDDFS,,False,Limite_Nodos,,,200000,23,0.5482035999993968
mapa_071,7,7,2,Greedy,h_manhattan,True,Solucion,33.0,10.0,200,26,0.0011059999997087289
mapa_071,7,7,2,Greedy,h_manhattan_deadlock,True,Solucion,33.0,10.0,197,24,0.001075700000001234
mapa_071,7,7,2,Greedy,h_no_admisible,True,Solucion,33.0,10.0,200,26,0.0009324000002379762
mapa_071,7,7,2,A*,h_manhattan,True,Solucion,29.0,8.0,1205,152,0.00745920000008482
mapa_071,7,7,2,A*,h_manhattan_deadlock,True,Solucion,29.0,8.0,890,85,0.006187200000567827
mapa_071,7,7,2,A*,h_no_admisible,True,Solucion,29.0,8.0,829,109,0.0049552000000403496
mapa_072,7,7,2,BFS,,True,Solucion,14.0,8.0,1898,361,0.007673800000702613
mapa_072,7,7,2,DFS,,True,Solucion,51.0,12.0,1761,74,0.007004799999776878
mapa_072,7,7,2,IDDFS,,True,Solucion,14.0,8.0,68107,15,0.16529420000006212
mapa_072,7,7,2,Greedy,h_manhattan,True,Solucion,14.0,8.0,30,31,0.0004941000006510876
mapa_072,7,7,2,Greedy,h_manhattan_deadlock,True,Solucion,14.0,8.0,30,31,0.00048129999959201086
mapa_072,7,7,2,Greedy,h_no_admisible,True,Solucion,14.0,8.0,30,31,0.00023499999952036887
mapa_072,7,7,2,A*,h_manhattan,True,Solucion,14.0,8.0,695,338,0.005500700000993675
mapa_072,7,7,2,A*,h_manhattan_deadlock,True,Solucion,14.0,8.0,507,221,0.004109599998628255
mapa_072,7,7,2,A*,h_no_admisible,True,Solucion,14.0,8.0,264,197,0.0020617999998648884
mapa_073,7,7,2,BFS,,True,Solucion,16.0,8.0,1285,174,0.005138200000146753
mapa_073,7,7,2,DFS,,True,Solucion,42.0,12.0,147,40,0.0005748999992647441
mapa_073,7,7,2,IDDFS,,True,Solucion,16.0,8.0,159490,17,0.3952765999983967
mapa_073,7,7,2,Greedy,h_manhattan,True,Solucion,28.0,8.0,68,24,0.0004245000000082655
mapa_073,7,7,2,Greedy,h_manhattan_deadlock,True,Solucion,28.0,8.0,68,24,0.0004501000003074296
mapa_073,7,7,2,Greedy,h_no_admisible,True,Solucion,28.0,8.0,68,24,0.00039939999987836927
mapa_073,7,7,2,A*,h_manhattan,True,Solucion,16.0,8.0,502,196,0.003643000000010943
mapa_073,7,7,2,A*,h_manhattan_deadlock,True,Solucion,16.0,8.0,419,158,0.004919500001051347
mapa_073,7,7,2,A*,h_no_admisible,True,Solucion,16.0,8.0,263,115,0.001714799998808303
mapa_074,7,7,2,BFS,,True,Solucion,23.0,10.0,895,117,0.0034459999988030177
mapa_074,7,7,2,DFS,,True,Solucion,24.0,10.0,466,24,0.0022821999991720077
mapa_074,7,7,2,IDDFS,,True,Solucion,23.0,10.0,162784,24,0.44857969999975467
mapa_074,7,7,2,Greedy,h_manhattan,True,Solucion,23.0,10.0,111,41,0.0012265999994269805
mapa_074,7,7,2,Greedy,h_manhattan_deadlock,True,Solucion,23.0,10.0,77,29,0.000488599998789141
mapa_074,7,7,2,Greedy,h_no_admisible,True,Solucion,23.0,10.0,111,41,0.0006129000012151664
mapa_074,7,7,2,A*,h_manhattan,True,Solucion,23.0,10.0,694,98,0.0043476000009832205
mapa_074,7,7,2,A*,h_manhattan_deadlock,True,Solucion,23.0,10.0,389,80,0.002735500000198954
mapa_074,7,7,2,A*,h_no_admisible,True,Solucion,23.0,10.0,490,79,0.00312839999969583
mapa_075,7,7,2,BFS,,True,Solucion,16.0,8.0,2456,303,0.0100892999998905
mapa_075,7,7,2,DFS,,True,Solucion,56.0,20.0,988,40,0.0035657000007631723
mapa_075,7,7,2,IDDFS,,True,Solucion,16.0,8.0,142266,17,0.36545309999928577
mapa_075,7,7,2,Greedy,h_manhattan,True,Solucion,36.0,14.0,430,44,0.0031816999999136897
mapa_075,7,7,2,Greedy,h_manhattan_deadlock,True,Solucion,36.0,14.0,124,43,0.0007530000002589077
mapa_075,7,7,2,Greedy,h_no_admisible,True,Solucion,36.0,14.0,430,44,0.002114800001436379
mapa_075,7,7,2,A*,h_manhattan,True,Solucion,16.0,8.0,942,392,0.006754400001227623
mapa_075,7,7,2,A*,h_manhattan_deadlock,True,Solucion,16.0,8.0,574,249,0.00482689999989816
mapa_075,7,7,2,A*,h_no_admisible,True,Solucion,17.0,8.0,354,183,0.002502900000763475
mapa_076,7,7,2,BFS,,True,Solucion,16.0,8.0,2950,397,0.012027700000544428
mapa_076,7,7,2,DFS,,True,Solucion,45.0,10.0,833,50,0.0030335999999806518
mapa_076,7,7,2,IDDFS,,False,Limite_Nodos,,,200000,16,0.47740279999925406
mapa_076,7,7,2,Greedy,h_manhattan,True,Solucion,26.0,8.0,109,61,0.0007832999999664025
mapa_076,7,7,2,Greedy,h_manhattan_deadlock,True,Solucion,26.0,8.0,105,55,0.0007537000001320848
mapa_076,7,7,2,Greedy,h_no_admisible,True,Solucion,26.0,8.0,109,61,0.0006909000003361143
mapa_076,7,7,2,A*,h_manhattan,True,Solucion,16.0,8.0,1818,732,0.01554530000066734
mapa_076,7,7,2,A*,h_manhattan_deadlock,True,Solucion,16.0,8.0,1047,376,0.009172099998977501
mapa_076,7,7,2,A*,h_no_admisible,True,Solucion,16.0,8.0,821,442,0.006480300000475836
mapa_077,7,7,2,BFS,,True,Solucion,27.0,12.0,1377,86,0.004768599999806611
mapa_077,7,7,2,DFS,,True,Solucion,49.0,18.0,108,54,0.0004076000004715752
mapa_077,7,7,2,IDDFS,,False,Limite_Nodos,,,200000,23,0.5555272000001423
mapa_077,7,7,2,Greedy,h_manhattan,True,Solucion,31.0,12.0,144,30,0.0015722999996796716
mapa_077,7,7,2,Greedy,h_manhattan_deadlock,True,Solucion,31.0,12.0,98,32,0.0010963000004267087
mapa_077,7,7,2,Greedy,h_no_admisible,True,Solucion,31.0,12.0,144,30,0.0007901999997557141
mapa_077,7,7,2,A*,h_manhattan,True,Solucion,27.0,12.0,952,135,0.007429100000081235
mapa_077,7,7,2,A*,h_manhattan_deadlock,True,Solucion,27.0,12.0,381,92,0.0027465999992273282
mapa_077,7,7,2,A*,h_no_admisible,True,Solucion,27.0,12.0,660,131,0.004720999999335618
mapa_078,7,7,2,BFS,,True,Solucion,18.0,8.0,2797,313,0.010750600000392296
mapa_078,7,7,2,DFS,,True,Solucion,64.0,14.0,1935,55,0.007071500000165543
mapa_078,7,7,2,IDDFS,,False,Limite_Nodos,,,200000,17,0.499820400000317
mapa_078,7,7,2,Greedy,h_manhattan,True,Solucion,20.0,8.0,120,40,0.0015146000005188398
mapa_078,7,7,2,Greedy,h_manhattan_deadlock,True,Solucion,20.0,8.0,65,40,0.0004656000000977656
mapa_078,7,7,2,Greedy,h_no_admisible,True,Solucion,20.0,8.0,120,40,0.0006619000014325138
mapa_078,7,7,2,A*,h_manhattan,True,Solucion,18.0,8.0,1470,475,0.010987600000589737
mapa_078,7,7,2,A*,h_manhattan_deadlock,True,Solucion,18.0,8.0,813,298,0.006858099999590195
mapa_078,7,7,2,A*,h_no_admisible,True,Solucion,18.0,8.0,538,237,0.0038752000000386033
mapa_079,7,7,2,BFS,,True,Solucion,42.0,14.0,3365,197,0.013947599998573423
mapa_079,7,7,2,DFS,,True,Solucion,88.0,18.0,3189,88,0.013832900000124937
mapa_079,7,7,2,IDDFS,,False,Limite_Nodos,,,200000,22,0.5265041999991809
mapa_079,7,7,2,Greedy,h_manhattan,True,Solucion,42.0,14.0,754,79,0.004075999999258784
mapa_079,7,7,2,Greedy,h_manhattan_deadlock,True,Solucion,42.0,14.0,261,70,0.002084199999444536
mapa_079,7,7,2,Greedy,h_no_admisible,True,Solucion,42.0,14.0,754,79,0.0037273999987519346
mapa_079,7,7,2,A*,h_manhattan,True,Solucion,42.0,10.0,3338,337,0.024035500000536558
mapa_079,7,7,2,A*,h_manhattan_deadlock,True,Solucion,42.0,10.0,1594,230,0.012921300000016345
mapa_079,7,7,2,A*,h_no_admisible,True,Solucion,42.0,10.0,3171,355,0.023240900000018883
mapa_080,7,7,2,BFS,,True,Solucion,22.0,8.0,1636,156,0.005816999999296968
mapa_080,7,7,2,DFS,,True,Solucion,36.0,8.0,1620,41,0.005571199999394594
mapa_080,7,7,2,IDDFS,,False,Limite_Nodos,,,200000,22,0.5183813000003283
mapa_080,7,7,2,Greedy,h_manhattan,True,Solucion,22.0,8.0,174,20,0.0010201999994023936
mapa_080,7,7,2,Greedy,h_manhattan_deadlock,True,Solucion,22.0,8.0,63,21,0.00041910000072675757
mapa_080,7,7,2,Greedy,h_no_admisible,True,Solucion,22.0,8.0,174,20,0.0008643000001029577
mapa_080,7,7,2,A*,h_manhattan,True,Solucion,22.0,8.0,992,198,0.006644699999014847
mapa_080,7,7,2,A*,h_manhattan_deadlock,True,Solucion,22.0,8.0,603,147,0.004483700000491808
mapa_080,7,7,2,A*,h_no_admisible,True,Solucion,22.0,8.0,493,127,0.0031691999993199715
mapa_081,7,7,2,BFS,,True,Solucion,19.0,8.0,2440,270,0.00978690000010829
mapa_081,7,7,2,DFS,,True,Solucion,22.0,8.0,761,40,0.003737099999852944
mapa_081,7,7,2,IDDFS,,False,Limite_Nodos,,,200000,19,0.5023074000000634
mapa_081,7,7,2,Greedy,h_manhattan,True,Solucion,20.0,8.0,40,27,0.00028790000033040997
mapa_081,7,7,2,Greedy,h_manhattan_deadlock,True,Solucion,20.0,8.0,40,27,0.0003082000002905261
mapa_081,7,7,2,Greedy,h_no_admisible,True,Solucion,20.0,8.0,40,27,0.0002623999989737058
mapa_081,7,7,2,A*,h_manhattan,True,Solucion,19.0,8.0,1597,384,0.011815600000772974
mapa_081,7,7,2,A*,h_manhattan_deadlock,True,Solucion,19.0,8.0,888,211,0.0069113000008655945
mapa_081,7,7,2,A*,h_no_admisible,True,Solucion,19.0,8.0,881,299,0.00718830000005255
mapa_082,7,7,2,BFS,,True,Solucion,18.0,8.0,1947,226,0.007257700000991463
mapa_082,7,7,2,DFS,,True,Solucion,44.0,12.0,73,41,0.0002747999988059746
mapa_082,7,7,2,IDDFS,,False,Limite_Nodos,,,200000,17,0.498552799999743
mapa_082,7,7,2,Greedy,h_manhattan,True,Solucion,22.0,8.0,51,26,0.0003423999987717252
mapa_082,7,7,2,Greedy,h_manhattan_deadlock,True,Solucion,22.0,8.0,51,26,0.0003522000006341841
mapa_082,7,7,2,Greedy,h_no_admisible,True,Solucion,22.0,8.0,51,26,0.00030760000117879827
mapa_082,7,7,2,A*,h_manhattan,True,Solucion,18.0,8.0,1265,310,0.009715399999549845
mapa_082,7,7,2,A*,h_manhattan_deadlock,True,Solucion,18.0,8.0,957,231,0.00886480000008305
mapa_082,7,7,2,A*,h_no_admisible,True,Solucion,18.0,8.0,647,205,0.004616500000338419
mapa_083,7,7,2,BFS,,True,Solucion,24.0,10.0,1534,132,0.005458899999212008
mapa_083,7,7,2,DFS,,True,Solucion,34.0,12.0,544,31,0.0018410000011499505
mapa_083,7,7,2,IDDFS,,False,Limite_Nodos,,,200000,22,0.5368295999996917
mapa_083,7,7,2,Greedy,h_manhattan,True,Solucion,32.0,10.0,227,50,0.00137919999906444
mapa_083,7,7,2,Greedy,h_manhattan_deadlock,True,Solucion,32.0,10.0,145,49,0.0009120999984588707
mapa_083,7,7,2,Greedy,h_no_admisible,True,Solucion,32.0,10.0,227,50,0.001213899999129353
mapa_083,7,7,2,A*,h_manhattan,True,Solucion,24.0,10.0,1209,176,0.008342799999809358
mapa_083,7,7,2,A*,h_manhattan_deadlock,True,Solucion,24.0,10.0,510,92,0.003519199999573175
mapa_083,7,7,2,A*,h_no_admisible,True,Solucion,24.0,10.0,796,158,0.006015299999489798
mapa_084,7,7,2,BFS,,True,Solucion,19.0,8.0,2863,335,0.011143199999423814
mapa_084,7,7,2,DFS,,True,Solucion,173.0,32.0,2075,98,0.007811299999957555
mapa_084,7,7,2,IDDFS,,False,Limite_Nodos,,,200000,17,0.5002911000010499
mapa_084,7,7,2,Greedy,h_manhattan,True,Solucion,35.0,12.0,287,47,0.0024106000000756467
mapa_084,7,7,2,Greedy,h_manhattan_deadlock,True,Solucion,35.0,12.0,184,47,0.001799100000425824
mapa_084,7,7,2,Greedy,h_no_admisible,True,Solucion,35.0,12.0,287,47,0.0015198999990388984
mapa_084,7,7,2,A*,h_manhattan,True,Solucion,19.0,8.0,1781,478,0.014493900000161375
mapa_084,7,7,2,A*,h_manhattan_deadlock,True,Solucion,19.0,8.0,1203,318,0.010117100000570645
mapa_084,7,7,2,A*,h_no_admisible,True,Solucion,19.0,8.0,707,237,0.005199699999138829
mapa_085,7,7,2,BFS,,True,Solucion,24.0,10.0,868,70,0.002662900000359514
mapa_085,7,7,2,DFS,,True,Solucion,26.0,10.0,60,30,0.00020220000078552403
mapa_085,7,7,2,IDDFS,,True,Solucion,24.0,10.0,103994,25,0.31099689999973634
mapa_085,7,7,2,Greedy,h_manhattan,True,Solucion,26.0,10.0,149,21,0.0008264999996754341
mapa_085,7,7,2,Greedy,h_manhattan_deadlock,True,Solucion,26.0,10.0,74,19,0.00047059999997145496
mapa_085,7,7,2,Greedy,h_no_admisible,True,Solucion,26.0,10.0,149,21,0.0007626999995409278
mapa_085,7,7,2,A*,h_manhattan,True,Solucion,24.0,10.0,672,83,0.00441789999968023
mapa_085,7,7,2,A*,h_manhattan_deadlock,True,Solucion,24.0,10.0,381,66,0.0026724999988800846
mapa_085,7,7,2,A*,h_no_admisible,True,Solucion,24.0,10.0,476,88,0.002980200000820332
mapa_086,7,7,2,BFS,,True,Solucion,19.0,10.0,900,115,0.003153000001475448
mapa_086,7,7,2,DFS,,True,Solucion,33.0,14.0,803,35,0.003782100000535138
mapa_086,7,7,2,IDDFS,,True,Solucion,19.0,10.0,44929,20,0.12095360000057553
mapa_086,7,7,2,Greedy,h_manhattan,True,Solucion,33.0,10.0,67,26,0.0004308000006858492
mapa_086,7,7,2,Greedy,h_manhattan_deadlock,True,Solucion,33.0,10.0,67,26,0.0004376999986561714
mapa_086,7,7,2,Greedy,h_no_admisible,True,Solucion,33.0,10.0,67,26,0.00038440000025730114
mapa_086,7,7,2,A*,h_manhattan,True,Solucion,19.0,10.0,475,109,0.0031355999999505
mapa_086,7,7,2,A*,h_manhattan_deadlock,True,Solucion,19.0,10.0,467,106,0.003361600000062026
mapa_086,7,7,2,A*,h_no_admisible,True,Solucion,19.0,10.0,393,95,0.0027294999999867287
mapa_087,7,7,2,BFS,,True,Solucion,28.0,12.0,1958,152,0.007157799998822156
mapa_087,7,7,2,DFS,,True,Solucion,48.0,16.0,428,39,0.0014766999993298668
mapa_087,7,7,2,IDDFS,,False,Limite_Nodos,,,200000,19,0.52729779999936
mapa_087,7,7,2,Greedy,h_manhattan,True,Solucion,42.0,12.0,305,51,0.002356099999815342
mapa_087,7,7,2,Greedy,h_manhattan_deadlock,True,Solucion,42.0,12.0,206,53,0.0014140000002953457
mapa_087,7,7,2,Greedy,h_no_admisible,True,Solucion,42.0,12.0,305,51,0.0028168999997433275
mapa_087,7,7,2,A*,h_manhattan,True,Solucion,28.0,12.0,1768,202,0.01347879999957513
mapa_087,7,7,2,A*,h_manhattan_deadlock,True,Solucion,28.0,12.0,864,160,0.007032600000457023
mapa_087,7,7,2,A*,h_no_admisible,True,Solucion,28.0,12.0,1305,202,0.009411099999852013
mapa_088,7,7,2,BFS,,True,Solucion,24.0,10.0,479,32,0.002044900000328198
mapa_088,7,7,2,DFS,,True,Solucion,42.0,12.0,429,35,0.0013436000008368865
mapa_088,7,7,2,IDDFS,,True,Solucion,24.0,10.0,81908,25,0.2301238000000012
mapa_088,7,7,2,Greedy,h_manhattan,True,Solucion,28.0,12.0,230,37,0.0012451000002329238
mapa_088,7,7,2,Greedy,h_manhattan_deadlock,True,Solucion,28.0,12.0,170,35,0.0009731000009196578
mapa_088,7,7,2,Greedy,h_no_admisible,True,Solucion,28.0,12.0,230,37,0.001151100001152372
mapa_088,7,7,2,A*,h_manhattan,True,Solucion,24.0,10.0,404,43,0.0025186000002577202
mapa_088,7,7,2,A*,h_manhattan_deadlock,True,Solucion,24.0,10.0,308,40,0.00287439999920025
mapa_088,7,7,2,A*,h_no_admisible,True,Solucion,24.0,10.0,355,51,0.0022576000010303687
mapa_089,7,7,2,BFS,,True,Solucion,20.0,8.0,664,62,0.002110900000843685
mapa_089,7,7,2,DFS,,True,Solucion,32.0,12.0,234,23,0.0007174000002123648
mapa_089,7,7,2,IDDFS,,True,Solucion,20.0,8.0,64965,21,0.18065369999931136
mapa_089,7,7,2,Greedy,h_manhattan,True,Solucion,28.0,8.0,65,22,0.0007098000005498761
mapa_089,7,7,2,Greedy,h_manhattan_deadlock,True,Solucion,28.0,8.0,65,22,0.00041570000030333176
mapa_089,7,7,2,Greedy,h_no_admisible,True,Solucion,28.0,8.0,65,22,0.0003711000008479459
mapa_089,7,7,2,A*,h_manhattan,True,Solucion,20.0,8.0,523,99,0.003965900001276168
mapa_089,7,7,2,A*,h_manhattan_deadlock,True,Solucion,20.0,8.0,347,74,0.0023799000009603333
mapa_089,7,7,2,A*,h_no_admisible,True,Solucion,20.0,8.0,351,96,0.002132999999957974
mapa_090,7,7,2,BFS,,True,Solucion,23.0,10.0,2673,246,0.010104999999384745
mapa_090,7,7,2,DFS,,True,Solucion,63.0,16.0,2047,33,0.007107399998858455
mapa_090,7,7,2,IDDFS,,False,Limite_Nodos,,,200000,18,0.5135754999992059
mapa_090,7,7,2,Greedy,h_manhattan,True,Solucion,29.0,10.0,243,30,0.0013706000008824049
mapa_090,7,7,2,Greedy,h_manhattan_deadlock,True,Solucion,29.0,10.0,133,32,0.0008364000004803529
mapa_090,7,7,2,Greedy,h_no_admisible,True,Solucion,29.0,10.0,243,30,0.0012807000002794666
mapa_090,7,7,2,A*,h_manhattan,True,Solucion,23.0,10.0,2155,361,0.015715199999249307
mapa_090,7,7,2,A*,h_manhattan_deadlock,True,Solucion,23.0,10.0,1293,253,0.010603299999274896
mapa_090,7,7,2,A*,h_no_admisible,True,Solucion,23.0,10.0,1308,251,0.009050300001035794
mapa_091,7,7,2,BFS,,True,Solucion,16.0,8.0,2450,333,0.008741999999983818
mapa_091,7,7,2,DFS,,True,Solucion,78.0,20.0,1107,66,0.00390999999945052
mapa_091,7,7,2,IDDFS,,True,Solucion,16.0,8.0,170659,17,0.42159949999950186
mapa_091,7,7,2,Greedy,h_manhattan,True,Solucion,31.0,12.0,372,59,0.0022006999988661846
mapa_091,7,7,2,Greedy,h_manhattan_deadlock,True,Solucion,31.0,12.0,255,55,0.0015443000011146069
mapa_091,7,7,2,Greedy,h_no_admisible,True,Solucion,31.0,12.0,372,59,0.002683400000023539
mapa_091,7,7,2,A*,h_manhattan,True,Solucion,16.0,8.0,987,441,0.007903800000349293
mapa_091,7,7,2,A*,h_manhattan_deadlock,True,Solucion,16.0,8.0,757,307,0.005788500000562635
mapa_091,7,7,2,A*,h_no_admisible,True,Solucion,17.0,8.0,378,170,0.0027597999996942235
mapa_092,7,7,2,BFS,,True,Solucion,15.0,8.0,1433,351,0.005661099999997532
mapa_092,7,7,2,DFS,,True,Solucion,34.0,12.0,408,48,0.001484300000811345
mapa_092,7,7,2,IDDFS,,True,Solucion,15.0,8.0,52026,16,0.13222099999984493
mapa_092,7,7,2,Greedy,h_manhattan,True,Solucion,15.0,8.0,52,24,0.0007624000008945586
mapa_092,7,7,2,Greedy,h_manhattan_deadlock,True,Solucion,15.0,8.0,52,24,0.00046909999946365133
mapa_092,7,7,2,Greedy,h_no_admisible,True,Solucion,15.0,8.0,52,24,0.0003051000003324589
mapa_092,7,7,2,A*,h_manhattan,True,Solucion,15.0,8.0,440,168,0.003133000000161701
mapa_092,7,7,2,A*,h_manhattan_deadlock,True,Solucion,15.0,8.0,416,157,0.003282099998614285
mapa_092,7,7,2,A*,h_no_admisible,True,Solucion,16.0,8.0,250,125,0.0019553000001906184
mapa_093,7,7,2,BFS,,True,Solucion,26.0,10.0,3318,289,0.013436000001092907
mapa_093,7,7,2,DFS,,True,Solucion,122.0,26.0,2878,83,0.011066000000937493
mapa_093,7,7,2,IDDFS,,False,Limite_Nodos,,,200000,19,0.5005480999989231
mapa_093,7,7,2,Greedy,h_manhattan,True,Solucion,52.0,12.0,440,42,0.0027227000009588664
mapa_093,7,7,2,Greedy,h_manhattan_deadlock,True,Solucion,52.0,12.0,171,47,0.0010498999999981606
mapa_093,7,7,2,Greedy,h_no_admisible,True,Solucion,52.0,12.0,440,42,0.0021815000000060536
mapa_093,7,7,2,A*,h_manhattan,True,Solucion,26.0,10.0,3070,436,0.02173679999941669
mapa_093,7,7,2,A*,h_manhattan_deadlock,True,Solucion,26.0,10.0,1300,232,0.011145299999043345
mapa_093,7,7,2,A*,h_no_admisible,True,Solucion,26.0,10.0,2334,435,0.01636809999945399
mapa_094,7,7,2,BFS,,True,Solucion,15.0,8.0,2025,321,0.008111400000416324
mapa_094,7,7,2,DFS,,True,Solucion,89.0,18.0,1084,71,0.0038153999994392507
mapa_094,7,7,2,IDDFS,,True,Solucion,15.0,8.0,71080,16,0.17927330000020447
mapa_094,7,7,2,Greedy,h_manhattan,True,Solucion,17.0,8.0,31,25,0.0005264999999781139
mapa_094,7,7,2,Greedy,h_manhattan_deadlock,True,Solucion,17.0,8.0,31,25,0.0005471999993460486
mapa_094,7,7,2,Greedy,h_no_admisible,True,Solucion,17.0,8.0,31,25,0.0004647999994631391
mapa_094,7,7,2,A*,h_manhattan,True,Solucion,15.0,8.0,746,337,0.006869200000437559
mapa_094,7,7,2,A*,h_manhattan_deadlock,True,Solucion,15.0,8.0,543,271,0.0050950999993801815
mapa_094,7,7,2,A*,h_no_admisible,True,Solucion,16.0,8.0,277,163,0.002506000000721542
mapa_095,7,7,2,BFS,,True,Solucion,14.0,8.0,1393,218,0.005026200000429526
mapa_095,7,7,2,DFS,,True,Solucion,50.0,16.0,1313,74,0.006432099999074126
mapa_095,7,7,2,IDDFS,,True,Solucion,14.0,8.0,62379,15,0.15215619999980845
mapa_095,7,7,2,Greedy,h_manhattan,True,Solucion,15.0,8.0,31,28,0.0005511999988812022
mapa_095,7,7,2,Greedy,h_manhattan_deadlock,True,Solucion,15.0,8.0,31,28,0.0005136999989190372
mapa_095,7,7,2,Greedy,h_no_admisible,True,Solucion,15.0,8.0,31,28,0.00023289999990083743
mapa_095,7,7,2,A*,h_manhattan,True,Solucion,14.0,8.0,506,247,0.0037319000002753455
mapa_095,7,7,2,A*,h_manhattan_deadlock,True,Solucion,14.0,8.0,444,224,0.003916400000889553
mapa_095,7,7,2,A*,h_no_admisible,True,Solucion,14.0,8.0,94,85,0.0007203000004665228
mapa_096,7,7,2,BFS,,True,Solucion,15.0,8.0,1432,250,0.005311499999152147
mapa_096,7,7,2,DFS,,True,Solucion,39.0,8.0,501,33,0.002117500000167638
mapa_096,7,7,2,IDDFS,,True,Solucion,15.0,8.0,31779,16,0.08161420000033104
mapa_096,7,7,2,Greedy,h_manhattan,True,Solucion,15.0,8.0,33,28,0.0002716999988479074
mapa_096,7,7,2,Greedy,h_manhattan_deadlock,True,Solucion,15.0,8.0,33,28,0.0002609999992273515
mapa_096,7,7,2,Greedy,h_no_admisible,True,Solucion,15.0,8.0,33,28,0.0002212999988842057
mapa_096,7,7,2,A*,h_manhattan,True,Solucion,15.0,8.0,524,218,0.0035896999997930834
mapa_096,7,7,2,A*,h_manhattan_deadlock,True,Solucion,15.0,8.0,356,173,0.002552300000388641
mapa_096,7,7,2,A*,h_no_admisible,True,Solucion,15.0,8.0,173,100,0.0025485999994998565
mapa_097,7,7,2,BFS,,True,Solucion,17.0,8.0,2309,278,0.00861350000013772
mapa_097,7,7,2,DFS,,True,Solucion,95.0,20.0,2083,67,0.007852500000808504
mapa_097,7,7,2,IDDFS,,True,Solucion,17.0,8.0,173008,18,0.4274913999997807
mapa_097,7,7,2,Greedy,h_manhattan,True,Solucion,25.0,10.0,65,34,0.0008406000015384052
mapa_097,7,7,2,Greedy,h_manhattan_deadlock,True,Solucion,25.0,10.0,59,32,0.0007702000002609566
mapa_097,7,7,2,Greedy,h_no_admisible,True,Solucion,25.0,10.0,65,34,0.00043000000005122274
mapa_097,7,7,2,A*,h_manhattan,True,Solucion,17.0,8.0,1264,403,0.009890499999528402
mapa_097,7,7,2,A*,h_manhattan_deadlock,True,Solucion,17.0,8.0,843,258,0.006722600001012324
mapa_097,7,7,2,A*,h_no_admisible,True,Solucion,17.0,8.0,560,238,0.00481220000074245
mapa_098,7,7,2,BFS,,True,Solucion,17.0,8.0,3039,374,0.011754000001019449
mapa_098,7,7,2,DFS,,True,Solucion,49.0,16.0,1878,47,0.007001500000114902
mapa_098,7,7,2,IDDFS,,False,Limite_Nodos,,,200000,16,0.48731100000077276
mapa_098,7,7,2,Greedy,h_manhattan,True,Solucion,37.0,14.0,646,86,0.003748299999642768
mapa_098,7,7,2,Greedy,h_manhattan_deadlock,True,Solucion,37.0,14.0,470,69,0.0035683000005519716
mapa_098,7,7,2,Greedy,h_no_admisible,True,Solucion,37.0,14.0,646,86,0.003231700000469573
mapa_098,7,7,2,A*,h_manhattan,True,Solucion,17.0,8.0,1861,589,0.014764899999136105
mapa_098,7,7,2,A*,h_manhattan_deadlock,True,Solucion,17.0,8.0,1171,356,0.009819199998673867
mapa_098,7,7,2,A*,h_no_admisible,True,Solucion,17.0,8.0,797,344,0.005916500000239466
mapa_099,7,7,2,BFS,,True,Solucion,16.0,8.0,2677,379,0.01067970000076457
mapa_099,7,7,2,DFS,,True,Solucion,33.0,14.0,441,42,0.0015987000006134622
mapa_099,7,7,2,IDDFS,,False,Limite_Nodos,,,200000,17,0.4860863000012614
mapa_099,7,7,2,Greedy,h_manhattan,True,Solucion,25.0,8.0,126,61,0.001193599999169237
mapa_099,7,7,2,Greedy,h_manhattan_deadlock,True,Solucion,25.0,8.0,126,61,0.000869800000145915
mapa_099,7,7,2,Greedy,h_no_admisible,True,Solucion,25.0,8.0,126,61,0.0007329999989451608
mapa_099,7,7,2,A*,h_manhattan,True,Solucion,16.0,8.0,1578,609,0.011862399998790352
mapa_099,7,7,2,A*,h_manhattan_deadlock,True,Solucion,16.0,8.0,846,295,0.0073064000007434515
mapa_099,7,7,2,A*,h_no_admisible,True,Solucion,16.0,8.0,741,362,0.005614899999272893
