epoch,loss
1,0.3378363049588323
2,0.14432074558959093
3,0.09230108494187256
4,0.06211036550632501
5,0.04073006451054463
6,0.03053711273642612
7,0.018723579480859155
8,0.015199862372532858
9,0.009993368085820391
10,0.019576924879485157
11,0.01934051418793752
12,0.010657106610971369
13,0.006048393400160155
14,0.009654390670541711
15,0.0033405338207768975
16,0.006699578777574067
17,0.0013939369357064556
18,0.000307125877507016
19,0.00022966921027670965
20,0.0001840316506031658
21,0.00015745021655117416
22,0.0001389459582240866
23,0.00012502234979615656
24,0.00011407191875595287
25,0.00010519724063567934
26,9.780892389526698e-05
27,9.152960710992868e-05
28,8.611008347630284e-05
29,8.147360995787918e-05
30,7.734920438350351e-05
31,7.364373894758568e-05
32,7.035991523821019e-05
33,6.73687359734648e-05
34,6.46664041249533e-05
35,6.217807905373189e-05
36,5.990500288583156e-05
37,5.778221781822916e-05
38,5.584413353297319e-05
39,5.402743829351186e-05
40,5.234961827323513e-05
41,5.0781780751361654e-05
42,4.931745975236254e-05
43,4.793825612614442e-05
44,4.663068500652944e-05
45,4.5434600035997464e-05
46,4.425466919582021e-05
47,4.3155825018558166e-05
48,4.21020912656264e-05
49,4.110508695696558e-05
50,4.017080198635807e-05
