epoch,loss,hidden1,hidden2,lr,optimizer,train_acc,val_acc
1,1.8814395911202697,32,16,0.1,sgd,0.11888743849784116,0.11887550200803212
2,2.033552599561632,32,16,0.1,sgd,0.11888743849784116,0.11887550200803212
3,1.9467443580103185,32,16,0.1,sgd,0.11888743849784116,0.11887550200803212
4,1.8962911466027697,32,16,0.1,sgd,0.11888743849784116,0.11887550200803212
5,1.852763926755484,32,16,0.1,sgd,0.11888743849784116,0.11887550200803212
6,1.820706083002855,32,16,0.1,sgd,0.11888743849784116,0.11887550200803212
7,1.806121313253735,32,16,0.1,sgd,0.11888743849784116,0.11887550200803212
8,1.8176075933907379,32,16,0.1,sgd,0.11888743849784116,0.11887550200803212
9,1.8216930591208729,32,16,0.1,sgd,0.11888743849784116,0.11887550200803212
10,2.162551476085407,32,16,0.1,sgd,0.11888743849784116,0.11887550200803212
11,2.1625222936187294,32,16,0.1,sgd,0.11888743849784116,0.11887550200803212
12,2.1625047767375944,32,16,0.1,sgd,0.11888743849784116,0.11887550200803212
13,2.162491258489491,32,16,0.1,sgd,0.11888743849784116,0.11887550200803212
14,2.162480508945388,32,16,0.1,sgd,0.11888743849784116,0.11887550200803212
15,2.1624717559971787,32,16,0.1,sgd,0.11888743849784116,0.11887550200803212
1,2.3781233569301676,32,16,0.1,momentum,0.12671955015563813,0.12650602409638553
2,2.3763736112969576,32,16,0.1,momentum,0.12671955015563813,0.12650602409638553
3,2.3763415882760612,32,16,0.1,momentum,0.12671955015563813,0.12650602409638553
4,2.3763284489215604,32,16,0.1,momentum,0.12671955015563813,0.12650602409638553
5,2.37632124221606,32,16,0.1,momentum,0.12671955015563813,0.12650602409638553
6,2.3763166811845826,32,16,0.1,momentum,0.12671955015563813,0.12650602409638553
7,2.3763135324446605,32,16,0.1,momentum,0.12671955015563813,0.12650602409638553
8,2.3763112271275837,32,16,0.1,momentum,0.12671955015563813,0.12650602409638553
9,2.37630946602928,32,16,0.1,momentum,0.12671955015563813,0.12650602409638553
10,2.37630807662123,32,16,0.1,momentum,0.12671955015563813,0.12650602409638553
11,2.376306952382153,32,16,0.1,momentum,0.12671955015563813,0.12650602409638553
12,2.376306023968635,32,16,0.1,momentum,0.12671955015563813,0.12650602409638553
13,2.3763052442890675,32,16,0.1,momentum,0.12671955015563813,0.12650602409638553
14,2.3763045802370977,32,16,0.1,momentum,0.12671955015563813,0.12650602409638553
15,2.3763040078568896,32,16,0.1,momentum,0.12671955015563813,0.12650602409638553
1,2.2710550416198307,32,16,0.1,rmsprop,0.11888743849784116,0.11887550200803212
2,2.213172275460694,32,16,0.1,rmsprop,0.11888743849784116,0.11887550200803212
3,2.210180226216371,32,16,0.1,rmsprop,0.11888743849784116,0.11887550200803212
4,2.210180295896307,32,16,0.1,rmsprop,0.11888743849784116,0.11887550200803212
5,2.210180295891942,32,16,0.1,rmsprop,0.11888743849784116,0.11887550200803212
6,2.210180295889905,32,16,0.1,rmsprop,0.11888743849784116,0.11887550200803212
7,2.2101802958889514,32,16,0.1,rmsprop,0.11888743849784116,0.11887550200803212
8,2.210180295888382,32,16,0.1,rmsprop,0.11888743849784116,0.11887550200803212
9,2.2101802958880103,32,16,0.1,rmsprop,0.11888743849784116,0.11887550200803212
10,2.2101802958877443,32,16,0.1,rmsprop,0.11888743849784116,0.11887550200803212
11,2.21018029588755,32,16,0.1,rmsprop,0.11888743849784116,0.11887550200803212
12,2.2101802958873975,32,16,0.1,rmsprop,0.11888743849784116,0.11887550200803212
13,2.2101802958872714,32,16,0.1,rmsprop,0.11888743849784116,0.11887550200803212
14,2.2101802958871706,32,16,0.1,rmsprop,0.11888743849784116,0.11887550200803212
15,2.2101802958870866,32,16,0.1,rmsprop,0.11888743849784116,0.11887550200803212
1,2.216646498724937,32,16,0.1,adam,0.11888743849784116,0.11887550200803212
2,2.2109292800999767,32,16,0.1,adam,0.11888743849784116,0.11887550200803212
3,2.2109292316180555,32,16,0.1,adam,0.11888743849784116,0.11887550200803212
4,2.210929231262205,32,16,0.1,adam,0.11888743849784116,0.11887550200803212
5,2.210929231253079,32,16,0.1,adam,0.11888743849784116,0.11887550200803212
6,2.2109292312508333,32,16,0.1,adam,0.11888743849784116,0.11887550200803212
7,2.210929231249794,32,16,0.1,adam,0.11888743849784116,0.11887550200803212
8,2.2109292312491973,32,16,0.1,adam,0.11888743849784116,0.11887550200803212
9,2.2109292312488082,32,16,0.1,adam,0.11888743849784116,0.11887550200803212
10,2.210929231248537,32,16,0.1,adam,0.11888743849784116,0.11887550200803212
11,2.2109292312483344,32,16,0.1,adam,0.11888743849784116,0.11887550200803212
12,2.2109292312481887,32,16,0.1,adam,0.11888743849784116,0.11887550200803212
13,2.210929231248066,32,16,0.1,adam,0.11888743849784116,0.11887550200803212
14,2.210929231247968,32,16,0.1,adam,0.11888743849784116,0.11887550200803212
15,2.210929231247886,32,16,0.1,adam,0.11888743849784116,0.11887550200803212
1,0.5689892879619676,32,16,0.01,sgd,0.9936740636610102,0.9570281124497992
2,0.23913617077450378,32,16,0.01,sgd,0.9936740636610102,0.9570281124497992
3,0.17512569396094313,32,16,0.01,sgd,0.9936740636610102,0.9570281124497992
4,0.1356633450052594,32,16,0.01,sgd,0.9936740636610102,0.9570281124497992
5,0.11319608231583027,32,16,0.01,sgd,0.9936740636610102,0.9570281124497992
6,0.0931596092089574,32,16,0.01,sgd,0.9936740636610102,0.9570281124497992
7,0.08373258953287177,32,16,0.01,sgd,0.9936740636610102,0.9570281124497992
8,0.07427161531238106,32,16,0.01,sgd,0.9936740636610102,0.9570281124497992
9,0.061635049818596584,32,16,0.01,sgd,0.9936740636610102,0.9570281124497992
10,0.04989977164255173,32,16,0.01,sgd,0.9936740636610102,0.9570281124497992
11,0.04906783345365503,32,16,0.01,sgd,0.9936740636610102,0.9570281124497992
12,0.04747781908379966,32,16,0.01,sgd,0.9936740636610102,0.9570281124497992
13,0.04417228849575341,32,16,0.01,sgd,0.9936740636610102,0.9570281124497992
14,0.04376080227059499,32,16,0.01,sgd,0.9936740636610102,0.9570281124497992
15,0.02566570633062792,32,16,0.01,sgd,0.9936740636610102,0.9570281124497992
1,1.757503147026311,32,16,0.01,momentum,0.2502259262978211,0.25100401606425704
2,1.8148453915701872,32,16,0.01,momentum,0.2502259262978211,0.25100401606425704
3,1.9439457383807184,32,16,0.01,momentum,0.2502259262978211,0.25100401606425704
4,1.9362626617271148,32,16,0.01,momentum,0.2502259262978211,0.25100401606425704
5,1.874640513206514,32,16,0.01,momentum,0.2502259262978211,0.25100401606425704
6,1.865379447058593,32,16,0.01,momentum,0.2502259262978211,0.25100401606425704
7,1.8333799596030984,32,16,0.01,momentum,0.2502259262978211,0.25100401606425704
8,1.8150357199550726,32,16,0.01,momentum,0.2502259262978211,0.25100401606425704
9,1.8632817774788866,32,16,0.01,momentum,0.2502259262978211,0.25100401606425704
10,1.8606107906668194,32,16,0.01,momentum,0.2502259262978211,0.25100401606425704
11,1.8606407323442995,32,16,0.01,momentum,0.2502259262978211,0.25100401606425704
12,1.860646492978942,32,16,0.01,momentum,0.2502259262978211,0.25100401606425704
13,1.8606479628176826,32,16,0.01,momentum,0.2502259262978211,0.25100401606425704
14,1.8606474359623568,32,16,0.01,momentum,0.2502259262978211,0.25100401606425704
15,1.8606460305040298,32,16,0.01,momentum,0.2502259262978211,0.25100401606425704
1,1.0567154656812117,32,16,0.01,rmsprop,0.8655487498744854,0.8369477911646587
2,0.7404065920814562,32,16,0.01,rmsprop,0.8655487498744854,0.8369477911646587
3,0.6446917135349096,32,16,0.01,rmsprop,0.8655487498744854,0.8369477911646587
4,0.620890487441887,32,16,0.01,rmsprop,0.8655487498744854,0.8369477911646587
5,0.6137997174338387,32,16,0.01,rmsprop,0.8655487498744854,0.8369477911646587
6,0.5971959253397664,32,16,0.01,rmsprop,0.8655487498744854,0.8369477911646587
7,0.582750583651634,32,16,0.01,rmsprop,0.8655487498744854,0.8369477911646587
8,0.5789507891028766,32,16,0.01,rmsprop,0.8655487498744854,0.8369477911646587
9,0.5717605594892512,32,16,0.01,rmsprop,0.8655487498744854,0.8369477911646587
10,0.5781056614549909,32,16,0.01,rmsprop,0.8655487498744854,0.8369477911646587
11,0.6024948867901596,32,16,0.01,rmsprop,0.8655487498744854,0.8369477911646587
12,0.5822797030214563,32,16,0.01,rmsprop,0.8655487498744854,0.8369477911646587
13,0.6004856229431041,32,16,0.01,rmsprop,0.8655487498744854,0.8369477911646587
14,0.5882572413371594,32,16,0.01,rmsprop,0.8655487498744854,0.8369477911646587
15,0.6073578108913054,32,16,0.01,rmsprop,0.8655487498744854,0.8369477911646587
1,0.6062884359446896,32,16,0.01,adam,0.9232854704287579,0.9028112449799197
2,0.4488236509908692,32,16,0.01,adam,0.9232854704287579,0.9028112449799197
3,0.4149024883971691,32,16,0.01,adam,0.9232854704287579,0.9028112449799197
4,0.38711589432370225,32,16,0.01,adam,0.9232854704287579,0.9028112449799197
5,0.3732918133719949,32,16,0.01,adam,0.9232854704287579,0.9028112449799197
6,0.37392580927696595,32,16,0.01,adam,0.9232854704287579,0.9028112449799197
7,0.3580342418154395,32,16,0.01,adam,0.9232854704287579,0.9028112449799197
8,0.3577589948662867,32,16,0.01,adam,0.9232854704287579,0.9028112449799197
9,0.3340311565914975,32,16,0.01,adam,0.9232854704287579,0.9028112449799197
10,0.33224505805485877,32,16,0.01,adam,0.9232854704287579,0.9028112449799197
11,0.33653925903134996,32,16,0.01,adam,0.9232854704287579,0.9028112449799197
12,0.29983301718919264,32,16,0.01,adam,0.9232854704287579,0.9028112449799197
13,0.32562628822504314,32,16,0.01,adam,0.9232854704287579,0.9028112449799197
14,0.33731261491906944,32,16,0.01,adam,0.9232854704287579,0.9028112449799197
15,0.34717402605670966,32,16,0.01,adam,0.9232854704287579,0.9028112449799197
1,1.4788178274538102,32,16,0.001,sgd,0.9630484988452656,0.9429718875502008
2,0.5073889604801871,32,16,0.001,sgd,0.9630484988452656,0.9429718875502008
3,0.36413875501399784,32,16,0.001,sgd,0.9630484988452656,0.9429718875502008
4,0.3104276853637316,32,16,0.001,sgd,0.9630484988452656,0.9429718875502008
5,0.2789005067994087,32,16,0.001,sgd,0.9630484988452656,0.9429718875502008
6,0.2564541897167139,32,16,0.001,sgd,0.9630484988452656,0.9429718875502008
7,0.23862560658383264,32,16,0.001,sgd,0.9630484988452656,0.9429718875502008
8,0.22334974029629456,32,16,0.001,sgd,0.9630484988452656,0.9429718875502008
9,0.2093721862909642,32,16,0.001,sgd,0.9630484988452656,0.9429718875502008
10,0.19643599352436186,32,16,0.001,sgd,0.9630484988452656,0.9429718875502008
11,0.18466697532192664,32,16,0.001,sgd,0.9630484988452656,0.9429718875502008
12,0.17366016156820202,32,16,0.001,sgd,0.9630484988452656,0.9429718875502008
13,0.16313440013895436,32,16,0.001,sgd,0.9630484988452656,0.9429718875502008
14,0.153260974465334,32,16,0.001,sgd,0.9630484988452656,0.9429718875502008
15,0.14399099891205488,32,16,0.001,sgd,0.9630484988452656,0.9429718875502008
1,0.5585684585976746,32,16,0.001,momentum,0.967366201425846,0.9401606425702811
2,0.24180610584539214,32,16,0.001,momentum,0.967366201425846,0.9401606425702811
3,0.17843025927412762,32,16,0.001,momentum,0.967366201425846,0.9401606425702811
4,0.1433932698978386,32,16,0.001,momentum,0.967366201425846,0.9401606425702811
5,0.12124382873158139,32,16,0.001,momentum,0.967366201425846,0.9401606425702811
6,0.09737867541201801,32,16,0.001,momentum,0.967366201425846,0.9401606425702811
7,0.095738756344442,32,16,0.001,momentum,0.967366201425846,0.9401606425702811
8,0.083900587051064,32,16,0.001,momentum,0.967366201425846,0.9401606425702811
9,0.0706940949049484,32,16,0.001,momentum,0.967366201425846,0.9401606425702811
10,0.06958561801816496,32,16,0.001,momentum,0.967366201425846,0.9401606425702811
11,0.07006524415277164,32,16,0.001,momentum,0.967366201425846,0.9401606425702811
12,0.07159477710646733,32,16,0.001,momentum,0.967366201425846,0.9401606425702811
13,0.05043255356600951,32,16,0.001,momentum,0.967366201425846,0.9401606425702811
14,0.05907280963979847,32,16,0.001,momentum,0.967366201425846,0.9401606425702811
15,0.05286039380768937,32,16,0.001,momentum,0.967366201425846,0.9401606425702811
1,0.39967387116921194,32,16,0.001,rmsprop,0.9861431870669746,0.948995983935743
2,0.210942033467949,32,16,0.001,rmsprop,0.9861431870669746,0.948995983935743
3,0.16025626408433283,32,16,0.001,rmsprop,0.9861431870669746,0.948995983935743
4,0.12916469616588663,32,16,0.001,rmsprop,0.9861431870669746,0.948995983935743
5,0.10482893197126567,32,16,0.001,rmsprop,0.9861431870669746,0.948995983935743
6,0.08025166304603568,32,16,0.001,rmsprop,0.9861431870669746,0.948995983935743
7,0.0685912170991059,32,16,0.001,rmsprop,0.9861431870669746,0.948995983935743
8,0.05936483376984419,32,16,0.001,rmsprop,0.9861431870669746,0.948995983935743
9,0.05111215666483359,32,16,0.001,rmsprop,0.9861431870669746,0.948995983935743
10,0.04871084687901391,32,16,0.001,rmsprop,0.9861431870669746,0.948995983935743
11,0.04340974725276691,32,16,0.001,rmsprop,0.9861431870669746,0.948995983935743
12,0.03834259123797584,32,16,0.001,rmsprop,0.9861431870669746,0.948995983935743
13,0.038129027086176104,32,16,0.001,rmsprop,0.9861431870669746,0.948995983935743
14,0.0311177888859916,32,16,0.001,rmsprop,0.9861431870669746,0.948995983935743
15,0.03149353127108325,32,16,0.001,rmsprop,0.9861431870669746,0.948995983935743
1,0.40223701168516035,32,16,0.001,adam,0.988352244201225,0.9518072289156626
2,0.2011324969252617,32,16,0.001,adam,0.988352244201225,0.9518072289156626
3,0.14687219539999757,32,16,0.001,adam,0.988352244201225,0.9518072289156626
4,0.10843601487956799,32,16,0.001,adam,0.988352244201225,0.9518072289156626
5,0.0852771278483622,32,16,0.001,adam,0.988352244201225,0.9518072289156626
6,0.07029367164980954,32,16,0.001,adam,0.988352244201225,0.9518072289156626
7,0.0592611498982899,32,16,0.001,adam,0.988352244201225,0.9518072289156626
8,0.05289235357803288,32,16,0.001,adam,0.988352244201225,0.9518072289156626
9,0.04980752634609192,32,16,0.001,adam,0.988352244201225,0.9518072289156626
10,0.04063952315451632,32,16,0.001,adam,0.988352244201225,0.9518072289156626
11,0.03655227117944279,32,16,0.001,adam,0.988352244201225,0.9518072289156626
12,0.037376815528434075,32,16,0.001,adam,0.988352244201225,0.9518072289156626
13,0.03354604890349159,32,16,0.001,adam,0.988352244201225,0.9518072289156626
14,0.031461982059632104,32,16,0.001,adam,0.988352244201225,0.9518072289156626
15,0.03462852239818787,32,16,0.001,adam,0.988352244201225,0.9518072289156626
1,1.8619153008061167,64,32,0.1,sgd,0.11888743849784116,0.11887550200803212
2,2.1632017787440576,64,32,0.1,sgd,0.11888743849784116,0.11887550200803212
3,2.1628124503646835,64,32,0.1,sgd,0.11888743849784116,0.11887550200803212
4,2.162676692783968,64,32,0.1,sgd,0.11888743849784116,0.11887550200803212
5,2.162606821543917,64,32,0.1,sgd,0.11888743849784116,0.11887550200803212
6,2.1625641245816953,64,32,0.1,sgd,0.11888743849784116,0.11887550200803212
7,2.162535302097792,64,32,0.1,sgd,0.11888743849784116,0.11887550200803212
8,2.1625145274733404,64,32,0.1,sgd,0.11888743849784116,0.11887550200803212
9,2.1624988394133564,64,32,0.1,sgd,0.11888743849784116,0.11887550200803212
10,2.1624865719733912,64,32,0.1,sgd,0.11888743849784116,0.11887550200803212
11,2.1624767156116897,64,32,0.1,sgd,0.11888743849784116,0.11887550200803212
12,2.1624686227022005,64,32,0.1,sgd,0.11888743849784116,0.11887550200803212
13,2.16246185861302,64,32,0.1,sgd,0.11888743849784116,0.11887550200803212
14,2.162456120758753,64,32,0.1,sgd,0.11888743849784116,0.11887550200803212
15,2.162451191975157,64,32,0.1,sgd,0.11888743849784116,0.11887550200803212
1,2.3871550356910007,64,32,0.1,momentum,0.12581584496435386,0.12570281124497992
2,2.3781267871495224,64,32,0.1,momentum,0.12581584496435386,0.12570281124497992
3,2.3780947709651437,64,32,0.1,momentum,0.12581584496435386,0.12570281124497992
4,2.3780816347304556,64,32,0.1,momentum,0.12581584496435386,0.12570281124497992
5,2.3780744297973704,64,32,0.1,momentum,0.12581584496435386,0.12570281124497992
6,2.37806986990716,64,32,0.1,momentum,0.12581584496435386,0.12570281124497992
7,2.3780667219631564,64,32,0.1,momentum,0.12581584496435386,0.12570281124497992
8,2.378064417232669,64,32,0.1,momentum,0.12581584496435386,0.12570281124497992
9,2.3780626565845746,64,32,0.1,momentum,0.12581584496435386,0.12570281124497992
10,2.3780612675329413,64,32,0.1,momentum,0.12581584496435386,0.12570281124497992
11,2.378060143583051,64,32,0.1,momentum,0.12581584496435386,0.12570281124497992
12,2.3780592154088134,64,32,0.1,momentum,0.12581584496435386,0.12570281124497992
13,2.378058435930578,64,32,0.1,momentum,0.12581584496435386,0.12570281124497992
14,2.378057772050298,64,32,0.1,momentum,0.12581584496435386,0.12570281124497992
15,2.3780571998182753,64,32,0.1,momentum,0.12581584496435386,0.12570281124497992
1,2.3003355194338035,64,32,0.1,rmsprop,0.11888743849784116,0.11887550200803212
2,2.21341622400899,64,32,0.1,rmsprop,0.11888743849784116,0.11887550200803212
3,2.2101802958524077,64,32,0.1,rmsprop,0.11888743849784116,0.11887550200803212
4,2.210180295898251,64,32,0.1,rmsprop,0.11888743849784116,0.11887550200803212
5,2.2101802958917416,64,32,0.1,rmsprop,0.11888743849784116,0.11887550200803212
6,2.2101802958898227,64,32,0.1,rmsprop,0.11888743849784116,0.11887550200803212
7,2.2101802958889047,64,32,0.1,rmsprop,0.11888743849784116,0.11887550200803212
8,2.210180295888354,64,32,0.1,rmsprop,0.11888743849784116,0.11887550200803212
9,2.2101802958879913,64,32,0.1,rmsprop,0.11888743849784116,0.11887550200803212
10,2.21018029588773,64,32,0.1,rmsprop,0.11888743849784116,0.11887550200803212
11,2.2101802958875405,64,32,0.1,rmsprop,0.11888743849784116,0.11887550200803212
12,2.210180295887388,64,32,0.1,rmsprop,0.11888743849784116,0.11887550200803212
13,2.2101802958872647,64,32,0.1,rmsprop,0.11888743849784116,0.11887550200803212
14,2.210180295887165,64,32,0.1,rmsprop,0.11888743849784116,0.11887550200803212
15,2.2101802958870813,64,32,0.1,rmsprop,0.11888743849784116,0.11887550200803212
1,2.2293621962852836,64,32,0.1,adam,0.11888743849784116,0.11887550200803212
2,2.2109292781816654,64,32,0.1,adam,0.11888743849784116,0.11887550200803212
3,2.210929231640795,64,32,0.1,adam,0.11888743849784116,0.11887550200803212
4,2.2109292312625133,64,32,0.1,adam,0.11888743849784116,0.11887550200803212
5,2.2109292312531212,64,32,0.1,adam,0.11888743849784116,0.11887550200803212
6,2.2109292312508484,64,32,0.1,adam,0.11888743849784116,0.11887550200803212
7,2.2109292312498026,64,32,0.1,adam,0.11888743849784116,0.11887550200803212
8,2.210929231249205,64,32,0.1,adam,0.11888743849784116,0.11887550200803212
9,2.2109292312488114,64,32,0.1,adam,0.11888743849784116,0.11887550200803212
10,2.2109292312485405,64,32,0.1,adam,0.11888743849784116,0.11887550200803212
11,2.210929231248336,64,32,0.1,adam,0.11888743849784116,0.11887550200803212
12,2.2109292312481905,64,32,0.1,adam,0.11888743849784116,0.11887550200803212
13,2.210929231248068,64,32,0.1,adam,0.11888743849784116,0.11887550200803212
14,2.2109292312479694,64,32,0.1,adam,0.11888743849784116,0.11887550200803212
15,2.210929231247887,64,32,0.1,adam,0.11888743849784116,0.11887550200803212
1,0.46150944025300356,64,32,0.01,sgd,0.9976905311778291,0.9626506024096385
2,0.20437953960060515,64,32,0.01,sgd,0.9976905311778291,0.9626506024096385
3,0.13876434729590303,64,32,0.01,sgd,0.9976905311778291,0.9626506024096385
4,0.10137695674213536,64,32,0.01,sgd,0.9976905311778291,0.9626506024096385
5,0.07304686282912208,64,32,0.01,sgd,0.9976905311778291,0.9626506024096385
6,0.056937654721875564,64,32,0.01,sgd,0.9976905311778291,0.9626506024096385
7,0.046068756030087345,64,32,0.01,sgd,0.9976905311778291,0.9626506024096385
8,0.0381269710567114,64,32,0.01,sgd,0.9976905311778291,0.9626506024096385
9,0.02972079817289708,64,32,0.01,sgd,0.9976905311778291,0.9626506024096385
10,0.026961611465092794,64,32,0.01,sgd,0.9976905311778291,0.9626506024096385
11,0.02829175382043824,64,32,0.01,sgd,0.9976905311778291,0.9626506024096385
12,0.028286725241146518,64,32,0.01,sgd,0.9976905311778291,0.9626506024096385
13,0.03426777191696516,64,32,0.01,sgd,0.9976905311778291,0.9626506024096385
14,0.025160395140926405,64,32,0.01,sgd,0.9976905311778291,0.9626506024096385
15,0.02222651717890634,64,32,0.01,sgd,0.9976905311778291,0.9626506024096385
1,1.5326580158706762,64,32,0.01,momentum,0.1356561903805603,0.13253012048192772
2,1.6851126083069028,64,32,0.01,momentum,0.1356561903805603,0.13253012048192772
3,1.93143632228361,64,32,0.01,momentum,0.1356561903805603,0.13253012048192772
4,1.9873835902900874,64,32,0.01,momentum,0.1356561903805603,0.13253012048192772
5,1.9253088843269721,64,32,0.01,momentum,0.1356561903805603,0.13253012048192772
6,2.1141804365103516,64,32,0.01,momentum,0.1356561903805603,0.13253012048192772
7,1.8281432719083104,64,32,0.01,momentum,0.1356561903805603,0.13253012048192772
8,1.7181992607102585,64,32,0.01,momentum,0.1356561903805603,0.13253012048192772
9,1.8872803986830475,64,32,0.01,momentum,0.1356561903805603,0.13253012048192772
10,2.1292483909551163,64,32,0.01,momentum,0.1356561903805603,0.13253012048192772
11,2.1282982418024035,64,32,0.01,momentum,0.1356561903805603,0.13253012048192772
12,2.1279520318358593,64,32,0.01,momentum,0.1356561903805603,0.13253012048192772
13,2.127765821804648,64,32,0.01,momentum,0.1356561903805603,0.13253012048192772
14,2.127665597019205,64,32,0.01,momentum,0.1356561903805603,0.13253012048192772
15,2.127612294806055,64,32,0.01,momentum,0.1356561903805603,0.13253012048192772
1,1.1274566907612789,64,32,0.01,rmsprop,0.9141480068279948,0.8955823293172691
2,0.5728173514406713,64,32,0.01,rmsprop,0.9141480068279948,0.8955823293172691
3,0.49973780534783796,64,32,0.01,rmsprop,0.9141480068279948,0.8955823293172691
4,0.4527132367004117,64,32,0.01,rmsprop,0.9141480068279948,0.8955823293172691
5,0.4307867162397539,64,32,0.01,rmsprop,0.9141480068279948,0.8955823293172691
6,0.4054269584258138,64,32,0.01,rmsprop,0.9141480068279948,0.8955823293172691
7,0.44883532620209154,64,32,0.01,rmsprop,0.9141480068279948,0.8955823293172691
8,0.4472118830960136,64,32,0.01,rmsprop,0.9141480068279948,0.8955823293172691
9,0.41727760064999436,64,32,0.01,rmsprop,0.9141480068279948,0.8955823293172691
10,0.39236525950582857,64,32,0.01,rmsprop,0.9141480068279948,0.8955823293172691
11,0.41329962812959586,64,32,0.01,rmsprop,0.9141480068279948,0.8955823293172691
12,0.3793916481750378,64,32,0.01,rmsprop,0.9141480068279948,0.8955823293172691
13,0.3829874782161343,64,32,0.01,rmsprop,0.9141480068279948,0.8955823293172691
14,0.3541433376032594,64,32,0.01,rmsprop,0.9141480068279948,0.8955823293172691
15,0.34807357793394783,64,32,0.01,rmsprop,0.9141480068279948,0.8955823293172691
1,0.6712950484545326,64,32,0.01,adam,0.9148508886434381,0.8967871485943775
2,0.4747682116960668,64,32,0.01,adam,0.9148508886434381,0.8967871485943775
3,0.46832790631678034,64,32,0.01,adam,0.9148508886434381,0.8967871485943775
4,0.4638390048066942,64,32,0.01,adam,0.9148508886434381,0.8967871485943775
5,0.4436680756438593,64,32,0.01,adam,0.9148508886434381,0.8967871485943775
6,0.46717713901213564,64,32,0.01,adam,0.9148508886434381,0.8967871485943775
7,0.4555608443782746,64,32,0.01,adam,0.9148508886434381,0.8967871485943775
8,0.4359163233616106,64,32,0.01,adam,0.9148508886434381,0.8967871485943775
9,0.4298025109516264,64,32,0.01,adam,0.9148508886434381,0.8967871485943775
10,0.40465682748605264,64,32,0.01,adam,0.9148508886434381,0.8967871485943775
11,0.3944630705357866,64,32,0.01,adam,0.9148508886434381,0.8967871485943775
12,0.4585022264338621,64,32,0.01,adam,0.9148508886434381,0.8967871485943775
13,0.4064687630845791,64,32,0.01,adam,0.9148508886434381,0.8967871485943775
14,0.4006807377147287,64,32,0.01,adam,0.9148508886434381,0.8967871485943775
15,0.38775278422205306,64,32,0.01,adam,0.9148508886434381,0.8967871485943775
1,1.0779574126979699,64,32,0.001,sgd,0.9684707299929712,0.9453815261044177
2,0.40088743477841454,64,32,0.001,sgd,0.9684707299929712,0.9453815261044177
3,0.3180334118700455,64,32,0.001,sgd,0.9684707299929712,0.9453815261044177
4,0.2744141103272393,64,32,0.001,sgd,0.9684707299929712,0.9453815261044177
5,0.24381442106864468,64,32,0.001,sgd,0.9684707299929712,0.9453815261044177
6,0.22029329565445166,64,32,0.001,sgd,0.9684707299929712,0.9453815261044177
7,0.20148740424806436,64,32,0.001,sgd,0.9684707299929712,0.9453815261044177
8,0.1856607934172633,64,32,0.001,sgd,0.9684707299929712,0.9453815261044177
9,0.17188097996130305,64,32,0.001,sgd,0.9684707299929712,0.9453815261044177
10,0.15964480252551128,64,32,0.001,sgd,0.9684707299929712,0.9453815261044177
11,0.14877455564545997,64,32,0.001,sgd,0.9684707299929712,0.9453815261044177
12,0.13893006180150094,64,32,0.001,sgd,0.9684707299929712,0.9453815261044177
13,0.12978556716495576,64,32,0.001,sgd,0.9684707299929712,0.9453815261044177
14,0.1212590151876989,64,32,0.001,sgd,0.9684707299929712,0.9453815261044177
15,0.11335340234974356,64,32,0.001,sgd,0.9684707299929712,0.9453815261044177
1,0.44307498555937425,64,32,0.001,momentum,0.994276533788533,0.9534136546184739
2,0.19865053724599832,64,32,0.001,momentum,0.994276533788533,0.9534136546184739
3,0.13089434503599726,64,32,0.001,momentum,0.994276533788533,0.9534136546184739
4,0.091889757895993,64,32,0.001,momentum,0.994276533788533,0.9534136546184739
5,0.06798442117220276,64,32,0.001,momentum,0.994276533788533,0.9534136546184739
6,0.048779531940486516,64,32,0.001,momentum,0.994276533788533,0.9534136546184739
7,0.03518286266040241,64,32,0.001,momentum,0.994276533788533,0.9534136546184739
8,0.038483296849691345,64,32,0.001,momentum,0.994276533788533,0.9534136546184739
9,0.036777161800223813,64,32,0.001,momentum,0.994276533788533,0.9534136546184739
10,0.039508340889466746,64,32,0.001,momentum,0.994276533788533,0.9534136546184739
11,0.024536343581967896,64,32,0.001,momentum,0.994276533788533,0.9534136546184739
12,0.01549024555441628,64,32,0.001,momentum,0.994276533788533,0.9534136546184739
13,0.023055849400340916,64,32,0.001,momentum,0.994276533788533,0.9534136546184739
14,0.017293864927277053,64,32,0.001,momentum,0.994276533788533,0.9534136546184739
15,0.013122895630881514,64,32,0.001,momentum,0.994276533788533,0.9534136546184739
1,0.31844046572143647,64,32,0.001,rmsprop,0.9937744753489306,0.9594377510040161
2,0.15142867047817798,64,32,0.001,rmsprop,0.9937744753489306,0.9594377510040161
3,0.10364400735216635,64,32,0.001,rmsprop,0.9937744753489306,0.9594377510040161
4,0.07476652262062561,64,32,0.001,rmsprop,0.9937744753489306,0.9594377510040161
5,0.06099067340076382,64,32,0.001,rmsprop,0.9937744753489306,0.9594377510040161
6,0.05157412896033963,64,32,0.001,rmsprop,0.9937744753489306,0.9594377510040161
7,0.03901539059124399,64,32,0.001,rmsprop,0.9937744753489306,0.9594377510040161
8,0.04432594838325398,64,32,0.001,rmsprop,0.9937744753489306,0.9594377510040161
9,0.034599724560147996,64,32,0.001,rmsprop,0.9937744753489306,0.9594377510040161
10,0.03975043580043834,64,32,0.001,rmsprop,0.9937744753489306,0.9594377510040161
11,0.03646768341830045,64,32,0.001,rmsprop,0.9937744753489306,0.9594377510040161
12,0.030535141474433338,64,32,0.001,rmsprop,0.9937744753489306,0.9594377510040161
13,0.032949646658780474,64,32,0.001,rmsprop,0.9937744753489306,0.9594377510040161
14,0.02896791921313332,64,32,0.001,rmsprop,0.9937744753489306,0.9594377510040161
15,0.027265964863024354,64,32,0.001,rmsprop,0.9937744753489306,0.9594377510040161
1,0.3598645849683338,64,32,0.001,adam,0.994075710412692,0.9670682730923694
2,0.16551308495630726,64,32,0.001,adam,0.994075710412692,0.9670682730923694
3,0.11132123449652646,64,32,0.001,adam,0.994075710412692,0.9670682730923694
4,0.08102007897571575,64,32,0.001,adam,0.994075710412692,0.9670682730923694
5,0.06565657754772161,64,32,0.001,adam,0.994075710412692,0.9670682730923694
6,0.053039792714620636,64,32,0.001,adam,0.994075710412692,0.9670682730923694
7,0.04860402917098588,64,32,0.001,adam,0.994075710412692,0.9670682730923694
8,0.04615151243280779,64,32,0.001,adam,0.994075710412692,0.9670682730923694
9,0.03908057559097583,64,32,0.001,adam,0.994075710412692,0.9670682730923694
10,0.03900743128720895,64,32,0.001,adam,0.994075710412692,0.9670682730923694
11,0.027392140628379042,64,32,0.001,adam,0.994075710412692,0.9670682730923694
12,0.02987113966384652,64,32,0.001,adam,0.994075710412692,0.9670682730923694
13,0.03760695650398038,64,32,0.001,adam,0.994075710412692,0.9670682730923694
14,0.030556530493269334,64,32,0.001,adam,0.994075710412692,0.9670682730923694
15,0.02101365513332711,64,32,0.001,adam,0.994075710412692,0.9670682730923694
1,2.0623982558315737,128,64,0.1,sgd,0.23094688221709006,0.2289156626506024
2,1.8573584949267106,128,64,0.1,sgd,0.23094688221709006,0.2289156626506024
3,1.7715713190478124,128,64,0.1,sgd,0.23094688221709006,0.2289156626506024
4,1.806402880413597,128,64,0.1,sgd,0.23094688221709006,0.2289156626506024
5,2.0869530543534522,128,64,0.1,sgd,0.23094688221709006,0.2289156626506024
6,1.9918419883106893,128,64,0.1,sgd,0.23094688221709006,0.2289156626506024
7,1.9211065162142704,128,64,0.1,sgd,0.23094688221709006,0.2289156626506024
8,1.858544089462864,128,64,0.1,sgd,0.23094688221709006,0.2289156626506024
9,1.8330187175899948,128,64,0.1,sgd,0.23094688221709006,0.2289156626506024
10,1.8038952505431471,128,64,0.1,sgd,0.23094688221709006,0.2289156626506024
11,1.7630316582875132,128,64,0.1,sgd,0.23094688221709006,0.2289156626506024
12,1.7374530557218424,128,64,0.1,sgd,0.23094688221709006,0.2289156626506024
13,1.7253079607159416,128,64,0.1,sgd,0.23094688221709006,0.2289156626506024
14,1.715898091572711,128,64,0.1,sgd,0.23094688221709006,0.2289156626506024
15,1.6587833019619886,128,64,0.1,sgd,0.23094688221709006,0.2289156626506024
1,2.4026172327175432,128,64,0.1,momentum,0.12581584496435386,0.12570281124497992
2,2.378127871471545,128,64,0.1,momentum,0.12581584496435386,0.12570281124497992
3,2.3780948333345178,128,64,0.1,momentum,0.12581584496435386,0.12570281124497992
4,2.3780816659410564,128,64,0.1,momentum,0.12581584496435386,0.12570281124497992
5,2.3780744485326224,128,64,0.1,momentum,0.12581584496435386,0.12570281124497992
6,2.3780698824012,128,64,0.1,momentum,0.12581584496435386,0.12570281124497992
7,2.3780667308894334,128,64,0.1,momentum,0.12581584496435386,0.12570281124497992
8,2.378064423928482,128,64,0.1,momentum,0.12581584496435386,0.12570281124497992
9,2.3780626617931144,128,64,0.1,momentum,0.12581584496435386,0.12570281124497992
10,2.378061271700204,128,64,0.1,momentum,0.12581584496435386,0.12570281124497992
11,2.378060146992918,128,64,0.1,momentum,0.12581584496435386,0.12570281124497992
12,2.3780592182505873,128,64,0.1,momentum,0.12581584496435386,0.12570281124497992
13,2.3780584383352776,128,64,0.1,momentum,0.12581584496435386,0.12570281124497992
14,2.378057774111586,128,64,0.1,momentum,0.12581584496435386,0.12570281124497992
15,2.3780572016048036,128,64,0.1,momentum,0.12581584496435386,0.12570281124497992
1,2.3387887720450347,128,64,0.1,rmsprop,0.11928908524952304,0.11887550200803212
2,2.209339812963335,128,64,0.1,rmsprop,0.11928908524952304,0.11887550200803212
3,2.20933968633897,128,64,0.1,rmsprop,0.11928908524952304,0.11887550200803212
4,2.2093396862125196,128,64,0.1,rmsprop,0.11928908524952304,0.11887550200803212
5,2.2093396862066075,128,64,0.1,rmsprop,0.11928908524952304,0.11887550200803212
6,2.209339686204782,128,64,0.1,rmsprop,0.11928908524952304,0.11887550200803212
7,2.2093396862038652,128,64,0.1,rmsprop,0.11928908524952304,0.11887550200803212
8,2.2093396862033376,128,64,0.1,rmsprop,0.11928908524952304,0.11887550200803212
9,2.209339686202973,128,64,0.1,rmsprop,0.11928908524952304,0.11887550200803212
10,2.2093396862027235,128,64,0.1,rmsprop,0.11928908524952304,0.11887550200803212
11,2.2093396862025374,128,64,0.1,rmsprop,0.11928908524952304,0.11887550200803212
12,2.209339686202394,128,64,0.1,rmsprop,0.11928908524952304,0.11887550200803212
13,2.209339686202275,128,64,0.1,rmsprop,0.11928908524952304,0.11887550200803212
14,2.209339686202178,128,64,0.1,rmsprop,0.11928908524952304,0.11887550200803212
15,2.209339686202095,128,64,0.1,rmsprop,0.11928908524952304,0.11887550200803212
1,2.226361269606892,128,64,0.1,adam,0.11888743849784116,0.11887550200803212
2,2.2109292883008993,128,64,0.1,adam,0.11888743849784116,0.11887550200803212
3,2.2109292316799043,128,64,0.1,adam,0.11888743849784116,0.11887550200803212
4,2.2109292312630138,128,64,0.1,adam,0.11888743849784116,0.11887550200803212
5,2.210929231253194,128,64,0.1,adam,0.11888743849784116,0.11887550200803212
6,2.2109292312508777,128,64,0.1,adam,0.11888743849784116,0.11887550200803212
7,2.210929231249819,128,64,0.1,adam,0.11888743849784116,0.11887550200803212
8,2.210929231249216,128,64,0.1,adam,0.11888743849784116,0.11887550200803212
9,2.21092923124882,128,64,0.1,adam,0.11888743849784116,0.11887550200803212
10,2.2109292312485453,128,64,0.1,adam,0.11888743849784116,0.11887550200803212
11,2.210929231248342,128,64,0.1,adam,0.11888743849784116,0.11887550200803212
12,2.2109292312481927,128,64,0.1,adam,0.11888743849784116,0.11887550200803212
13,2.21092923124807,128,64,0.1,adam,0.11888743849784116,0.11887550200803212
14,2.2109292312479707,128,64,0.1,adam,0.11888743849784116,0.11887550200803212
15,2.2109292312478894,128,64,0.1,adam,0.11888743849784116,0.11887550200803212
1,0.38412859768289,128,64,0.01,sgd,0.9984938246811929,0.9674698795180723
2,0.16784499545933532,128,64,0.01,sgd,0.9984938246811929,0.9674698795180723
3,0.10208314707308533,128,64,0.01,sgd,0.9984938246811929,0.9674698795180723
4,0.06469307456792461,128,64,0.01,sgd,0.9984938246811929,0.9674698795180723
5,0.041263260350605284,128,64,0.01,sgd,0.9984938246811929,0.9674698795180723
6,0.02371967230294613,128,64,0.01,sgd,0.9984938246811929,0.9674698795180723
7,0.018188985133071593,128,64,0.01,sgd,0.9984938246811929,0.9674698795180723
8,0.013715581151413163,128,64,0.01,sgd,0.9984938246811929,0.9674698795180723
9,0.009355375722041908,128,64,0.01,sgd,0.9984938246811929,0.9674698795180723
10,0.005143931667226005,128,64,0.01,sgd,0.9984938246811929,0.9674698795180723
11,0.002189030713793151,128,64,0.01,sgd,0.9984938246811929,0.9674698795180723
12,0.0011564432253600122,128,64,0.01,sgd,0.9984938246811929,0.9674698795180723
13,0.008148584434439549,128,64,0.01,sgd,0.9984938246811929,0.9674698795180723
14,0.0076349243390316955,128,64,0.01,sgd,0.9984938246811929,0.9674698795180723
15,0.008453146758218188,128,64,0.01,sgd,0.9984938246811929,0.9674698795180723
1,1.8331221303944494,128,64,0.01,momentum,0.11888743849784116,0.11887550200803212
2,2.1635261497750418,128,64,0.01,momentum,0.11888743849784116,0.11887550200803212
3,2.1631288486654823,128,64,0.01,momentum,0.11888743849784116,0.11887550200803212
4,2.1629916593065097,128,64,0.01,momentum,0.11888743849784116,0.11887550200803212
5,2.1629212872523786,128,64,0.01,momentum,0.11888743849784116,0.11887550200803212
6,2.1628783593234733,128,64,0.01,momentum,0.11888743849784116,0.11887550200803212
7,2.1628494122073256,128,64,0.01,momentum,0.11888743849784116,0.11887550200803212
8,2.1628285630797657,128,64,0.01,momentum,0.11888743849784116,0.11887550200803212
9,2.1628128271417144,128,64,0.01,momentum,0.11888743849784116,0.11887550200803212
10,2.1628005272283057,128,64,0.01,momentum,0.11888743849784116,0.11887550200803212
11,2.1627906479007133,128,64,0.01,momentum,0.11888743849784116,0.11887550200803212
12,2.162782538197791,128,64,0.01,momentum,0.11888743849784116,0.11887550200803212
13,2.162775761489046,128,64,0.01,momentum,0.11888743849784116,0.11887550200803212
14,2.1627700139338484,128,64,0.01,momentum,0.11888743849784116,0.11887550200803212
15,2.1627650775484644,128,64,0.01,momentum,0.11888743849784116,0.11887550200803212
1,1.9469348934712698,128,64,0.01,rmsprop,0.24902098604277537,0.25100401606425704
2,1.830531885594382,128,64,0.01,rmsprop,0.24902098604277537,0.25100401606425704
3,1.8244001242972547,128,64,0.01,rmsprop,0.24902098604277537,0.25100401606425704
4,1.8292052844612372,128,64,0.01,rmsprop,0.24902098604277537,0.25100401606425704
5,1.826422984239584,128,64,0.01,rmsprop,0.24902098604277537,0.25100401606425704
6,1.8200152512734458,128,64,0.01,rmsprop,0.24902098604277537,0.25100401606425704
7,1.8124652020511198,128,64,0.01,rmsprop,0.24902098604277537,0.25100401606425704
8,1.8184195751784435,128,64,0.01,rmsprop,0.24902098604277537,0.25100401606425704
9,1.8312248214019007,128,64,0.01,rmsprop,0.24902098604277537,0.25100401606425704
10,1.8209558159426595,128,64,0.01,rmsprop,0.24902098604277537,0.25100401606425704
11,1.826770487536212,128,64,0.01,rmsprop,0.24902098604277537,0.25100401606425704
12,1.7975835784353504,128,64,0.01,rmsprop,0.24902098604277537,0.25100401606425704
13,1.80327827497745,128,64,0.01,rmsprop,0.24902098604277537,0.25100401606425704
14,1.818825319092856,128,64,0.01,rmsprop,0.24902098604277537,0.25100401606425704
15,1.805243098927522,128,64,0.01,rmsprop,0.24902098604277537,0.25100401606425704
1,0.6928523686397275,128,64,0.01,adam,0.9319208755899187,0.9124497991967871
2,0.5273741790777108,128,64,0.01,adam,0.9319208755899187,0.9124497991967871
3,0.4771209927093463,128,64,0.01,adam,0.9319208755899187,0.9124497991967871
4,0.46169149010245236,128,64,0.01,adam,0.9319208755899187,0.9124497991967871
5,0.44745051462343344,128,64,0.01,adam,0.9319208755899187,0.9124497991967871
6,0.4370379293869033,128,64,0.01,adam,0.9319208755899187,0.9124497991967871
7,0.4376296701909016,128,64,0.01,adam,0.9319208755899187,0.9124497991967871
8,0.4284337016478402,128,64,0.01,adam,0.9319208755899187,0.9124497991967871
9,0.43670010610797244,128,64,0.01,adam,0.9319208755899187,0.9124497991967871
10,0.39555683971471706,128,64,0.01,adam,0.9319208755899187,0.9124497991967871
11,0.39382254683366585,128,64,0.01,adam,0.9319208755899187,0.9124497991967871
12,0.442068964777285,128,64,0.01,adam,0.9319208755899187,0.9124497991967871
13,0.4118079051686279,128,64,0.01,adam,0.9319208755899187,0.9124497991967871
14,0.36512132083330373,128,64,0.01,adam,0.9319208755899187,0.9124497991967871
15,0.3548546485901232,128,64,0.01,adam,0.9319208755899187,0.9124497991967871
1,0.8351613007611126,128,64,0.001,sgd,0.9812230143588714,0.9506024096385542
2,0.33250005468962845,128,64,0.001,sgd,0.9812230143588714,0.9506024096385542
3,0.2667443288816226,128,64,0.001,sgd,0.9812230143588714,0.9506024096385542
4,0.23044524133329566,128,64,0.001,sgd,0.9812230143588714,0.9506024096385542
5,0.20368922275439727,128,64,0.001,sgd,0.9812230143588714,0.9506024096385542
6,0.1821025274369497,128,64,0.001,sgd,0.9812230143588714,0.9506024096385542
7,0.1641567666651409,128,64,0.001,sgd,0.9812230143588714,0.9506024096385542
8,0.14882081021233057,128,64,0.001,sgd,0.9812230143588714,0.9506024096385542
9,0.13536333657703647,128,64,0.001,sgd,0.9812230143588714,0.9506024096385542
10,0.12323972250742228,128,64,0.001,sgd,0.9812230143588714,0.9506024096385542
11,0.11252438299599286,128,64,0.001,sgd,0.9812230143588714,0.9506024096385542
12,0.10279675574861466,128,64,0.001,sgd,0.9812230143588714,0.9506024096385542
13,0.09400190089383997,128,64,0.001,sgd,0.9812230143588714,0.9506024096385542
14,0.08590583218621596,128,64,0.001,sgd,0.9812230143588714,0.9506024096385542
15,0.07847260640906795,128,64,0.001,sgd,0.9812230143588714,0.9506024096385542
1,0.38558012762456995,128,64,0.001,momentum,1.0,0.9714859437751004
2,0.15923615995796028,128,64,0.001,momentum,1.0,0.9714859437751004
3,0.09725733033895176,128,64,0.001,momentum,1.0,0.9714859437751004
4,0.058702513061345406,128,64,0.001,momentum,1.0,0.9714859437751004
5,0.037973707957712405,128,64,0.001,momentum,1.0,0.9714859437751004
6,0.021284728364018936,128,64,0.001,momentum,1.0,0.9714859437751004
7,0.016486192154542834,128,64,0.001,momentum,1.0,0.9714859437751004
8,0.011278726927089307,128,64,0.001,momentum,1.0,0.9714859437751004
9,0.01129682877518717,128,64,0.001,momentum,1.0,0.9714859437751004
10,0.0053520045596197755,128,64,0.001,momentum,1.0,0.9714859437751004
11,0.0024793675770582333,128,64,0.001,momentum,1.0,0.9714859437751004
12,0.0011116035906713131,128,64,0.001,momentum,1.0,0.9714859437751004
13,0.001678651410372841,128,64,0.001,momentum,1.0,0.9714859437751004
14,0.0007802399174230361,128,64,0.001,momentum,1.0,0.9714859437751004
15,0.0004900170412149709,128,64,0.001,momentum,1.0,0.9714859437751004
1,0.30918716350381104,128,64,0.001,rmsprop,0.9936740636610102,0.9662650602409638
2,0.15123283808040783,128,64,0.001,rmsprop,0.9936740636610102,0.9662650602409638
3,0.09561049243738634,128,64,0.001,rmsprop,0.9936740636610102,0.9662650602409638
4,0.07753557287690054,128,64,0.001,rmsprop,0.9936740636610102,0.9662650602409638
5,0.06421756005843629,128,64,0.001,rmsprop,0.9936740636610102,0.9662650602409638
6,0.0532246934514733,128,64,0.001,rmsprop,0.9936740636610102,0.9662650602409638
7,0.05259985001944894,128,64,0.001,rmsprop,0.9936740636610102,0.9662650602409638
8,0.045805269099131296,128,64,0.001,rmsprop,0.9936740636610102,0.9662650602409638
9,0.03716295883315201,128,64,0.001,rmsprop,0.9936740636610102,0.9662650602409638
10,0.03612600871074499,128,64,0.001,rmsprop,0.9936740636610102,0.9662650602409638
11,0.03644894064721817,128,64,0.001,rmsprop,0.9936740636610102,0.9662650602409638
12,0.036659780718410154,128,64,0.001,rmsprop,0.9936740636610102,0.9662650602409638
13,0.04112155653536552,128,64,0.001,rmsprop,0.9936740636610102,0.9662650602409638
14,0.023862630296612824,128,64,0.001,rmsprop,0.9936740636610102,0.9662650602409638
15,0.04664667036645843,128,64,0.001,rmsprop,0.9936740636610102,0.9662650602409638
1,0.32637240512528076,128,64,0.001,adam,0.9956822974194196,0.9682730923694779
2,0.15606112425958696,128,64,0.001,adam,0.9956822974194196,0.9682730923694779
3,0.10514498163402386,128,64,0.001,adam,0.9956822974194196,0.9682730923694779
4,0.08366151301277776,128,64,0.001,adam,0.9956822974194196,0.9682730923694779
5,0.07102820131904981,128,64,0.001,adam,0.9956822974194196,0.9682730923694779
6,0.057381839373968645,128,64,0.001,adam,0.9956822974194196,0.9682730923694779
7,0.05122967096723382,128,64,0.001,adam,0.9956822974194196,0.9682730923694779
8,0.049918496867847,128,64,0.001,adam,0.9956822974194196,0.9682730923694779
9,0.057906176072981944,128,64,0.001,adam,0.9956822974194196,0.9682730923694779
10,0.04908933740505273,128,64,0.001,adam,0.9956822974194196,0.9682730923694779
11,0.04289470804398982,128,64,0.001,adam,0.9956822974194196,0.9682730923694779
12,0.03714299506307974,128,64,0.001,adam,0.9956822974194196,0.9682730923694779
13,0.03851243619490714,128,64,0.001,adam,0.9956822974194196,0.9682730923694779
14,0.03249924870303006,128,64,0.001,adam,0.9956822974194196,0.9682730923694779
15,0.041874176558930304,128,64,0.001,adam,0.9956822974194196,0.9682730923694779
