selection,crossover,mutation,survival,error,generations,seconds
ranking,one_point,gene,additive,0.11923420367921447,5000,66.33544893190265
ranking,one_point,gene,exclusive,0.13122715229203402,5000,64.96984553616494
ranking,one_point,multigene,additive,0.09980034985358177,5000,69.00799234211445
ranking,one_point,multigene,exclusive,0.10356764147484504,5000,71.10333156958222
ranking,one_point,non_uniform,additive,0.09001165004686097,5000,78.63718758802861
ranking,one_point,non_uniform,exclusive,0.10436200978838997,5000,76.6164854541421
ranking,one_point,triangle,additive,0.08712483331500333,5000,116.83260216005147
ranking,one_point,triangle,exclusive,0.10153353510055274,5000,115.01282164826989
ranking,two_point,gene,additive,0.10586314676159017,5000,76.89942656178027
ranking,two_point,gene,exclusive,0.12535693816003238,5000,75.5928880404681
ranking,two_point,multigene,additive,0.09820041962718584,5000,80.24845907930285
ranking,two_point,multigene,exclusive,0.10451694504911724,5000,79.18863135762513
ranking,two_point,non_uniform,additive,0.09348944049594214,5000,80.57318793050945
ranking,two_point,non_uniform,exclusive,0.10071320548435996,5000,79.39071389194578
ranking,two_point,triangle,additive,0.08354756250079567,5000,107.81373165454715
ranking,two_point,triangle,exclusive,0.09809213007422737,5000,104.46005126554519
ranking,uniform,gene,additive,0.10176644399169706,5000,67.67875474411994
ranking,uniform,gene,exclusive,0.11419114489924206,5000,66.73413047194481
ranking,uniform,multigene,additive,0.09195176659906285,5000,70.77559275645763
ranking,uniform,multigene,exclusive,0.09178010350241832,5000,69.78358792420477
ranking,uniform,non_uniform,additive,0.08241603550545631,5000,77.62701898720115
ranking,uniform,non_uniform,exclusive,0.09104210156191397,5000,79.09449459519237
ranking,uniform,triangle,additive,0.07717829137759458,5000,118.74238792713732
ranking,uniform,triangle,exclusive,0.10405790697344486,5000,117.72549095842987
ranking,region,gene,additive,0.10512520000128797,5000,76.55805301852524
ranking,region,gene,exclusive,0.11006207068068477,5000,71.99858438037336
ranking,region,multigene,additive,0.08965498088586628,5000,76.27659670263529
ranking,region,multigene,exclusive,0.103546232000922,5000,75.08307536505163
ranking,region,non_uniform,additive,0.09350499758782013,5000,76.70058805309236
ranking,region,non_uniform,exclusive,0.09995826354490772,5000,75.6635902300477
ranking,region,triangle,additive,0.0762772486764898,5000,111.47542033623904
ranking,region,triangle,exclusive,0.10652809393519763,5000,110.40182209666818
tournament_deterministic,one_point,gene,additive,0.10217979949395897,5000,69.73702136334032
tournament_deterministic,one_point,gene,exclusive,0.11354418862864699,5000,68.81858876068145
tournament_deterministic,one_point,multigene,additive,0.09200472152767415,5000,72.52277045883238
tournament_deterministic,one_point,multigene,exclusive,0.08727661610356491,5000,71.42563011031598
tournament_deterministic,one_point,non_uniform,additive,0.08289880475806655,5000,72.79843977838755
tournament_deterministic,one_point,non_uniform,exclusive,0.08738268751291021,5000,72.0662801116705
tournament_deterministic,one_point,triangle,additive,0.08410478238677968,5000,107.8455010317266
tournament_deterministic,one_point,triangle,exclusive,0.0830824862833289,5000,106.73638472240418
tournament_deterministic,two_point,gene,additive,0.10484601540171257,5000,71.87235085479915
tournament_deterministic,two_point,gene,exclusive,0.09223172444843909,5000,71.01977716200054
tournament_deterministic,two_point,multigene,additive,0.07982910520279046,5000,74.62852468714118
tournament_deterministic,two_point,multigene,exclusive,0.08497120593812726,5000,73.6693642809987
tournament_deterministic,two_point,non_uniform,additive,0.07600721562721512,5000,75.07801871094853
tournament_deterministic,two_point,non_uniform,exclusive,0.08117494133005664,5000,77.01640399731696
tournament_deterministic,two_point,triangle,additive,0.06704408578966672,5000,109.73117937706411
tournament_deterministic,two_point,triangle,exclusive,0.06855813391073966,5000,108.99750376772135
tournament_deterministic,uniform,gene,additive,0.10538394290130418,5000,71.7999335071072
tournament_deterministic,uniform,gene,exclusive,0.09933614575841075,5000,71.1104330951348
tournament_deterministic,uniform,multigene,additive,0.07984793565933229,5000,74.81956761423498
tournament_deterministic,uniform,multigene,exclusive,0.08455194615107764,5000,73.90217502322048
tournament_deterministic,uniform,non_uniform,additive,0.09102960437791702,5000,75.04947047121823
tournament_deterministic,uniform,non_uniform,exclusive,0.07600030008200576,5000,73.99747538659722
tournament_deterministic,uniform,triangle,additive,0.07995677108682846,5000,109.84312144760042
tournament_deterministic,uniform,triangle,exclusive,0.0679129315495809,5000,109.21025281120092
tournament_deterministic,region,gene,additive,0.09661525890399791,5000,77.3286222955212
tournament_deterministic,region,gene,exclusive,0.09765219099239003,5000,76.28463263157755
tournament_deterministic,region,multigene,additive,0.07396161717133198,5000,80.3576431311667
tournament_deterministic,region,multigene,exclusive,0.0857644788203457,5000,79.402158674784
tournament_deterministic,region,non_uniform,additive,0.07595345192308367,5000,84.80164257250726
tournament_deterministic,region,non_uniform,exclusive,0.08572318084973567,5000,82.4123958805576
tournament_deterministic,region,triangle,additive,0.07142904834466504,5000,125.55737727414817
tournament_deterministic,region,triangle,exclusive,0.07835254256304072,5000,119.3039522273466
roulette,one_point,gene,additive,0.10839109959850936,5000,64.63570454996079
roulette,one_point,gene,exclusive,0.15088307171626225,5000,63.75658156629652
roulette,one_point,multigene,additive,0.09356743235168816,5000,68.67450337763876
roulette,one_point,multigene,exclusive,0.13710836273549667,5000,75.01285707764328
roulette,one_point,non_uniform,additive,0.08981603742150852,5000,67.35226336307824
roulette,one_point,non_uniform,exclusive,0.1253152312040064,5000,67.52162172459066
roulette,one_point,triangle,additive,0.0758830600001937,5000,116.04874810483307
roulette,one_point,triangle,exclusive,0.1370231632364181,5000,112.42347036208957
roulette,two_point,gene,additive,0.10329536485325472,5000,67.04871755093336
roulette,two_point,gene,exclusive,0.14573444968078092,5000,68.65203284844756
roulette,two_point,multigene,additive,0.07853962204101332,5000,79.77637691609561
roulette,two_point,multigene,exclusive,0.12724707767934834,5000,78.43529536295682
roulette,two_point,non_uniform,additive,0.09091306074834708,5000,76.35908478777856
roulette,two_point,non_uniform,exclusive,0.1142543836089753,5000,71.78728920966387
roulette,two_point,triangle,additive,0.07374170463542501,5000,115.61483279522508
roulette,two_point,triangle,exclusive,0.13122532157671224,5000,116.36060689389706
roulette,uniform,gene,additive,0.09413228160308543,5000,74.57648839522153
roulette,uniform,gene,exclusive,0.12323875903761028,5000,73.41271202918142
roulette,uniform,multigene,additive,0.08420237517658265,5000,78.54029626306146
roulette,uniform,multigene,exclusive,0.1174062433622332,5000,77.08068674057722
roulette,uniform,non_uniform,additive,0.09359837806069773,5000,78.70930364076048
roulette,uniform,non_uniform,exclusive,0.12340626568342528,5000,77.42890266980976
roulette,uniform,triangle,additive,0.07934577639256557,5000,116.29474531766027
roulette,uniform,triangle,exclusive,0.12059999476224345,5000,114.75218750257045
roulette,region,gene,additive,0.10293573565341094,5000,80.34394087828696
roulette,region,gene,exclusive,0.13256400945780214,5000,79.19957698043436
roulette,region,multigene,additive,0.08671460231612337,5000,84.19457034114748
roulette,region,multigene,exclusive,0.11841914482992667,5000,82.74587775021791
roulette,region,non_uniform,additive,0.07960296209605806,5000,84.3896504715085
roulette,region,non_uniform,exclusive,0.11033979410098273,5000,83.08110255096108
roulette,region,triangle,additive,0.07855409574461392,5000,122.20816468819976
roulette,region,triangle,exclusive,0.14000876671027318,5000,120.90393927134573
